1733985827671435520,-0.01490,0.01774,-0.00024,0.84820,0.06611,-0.52180,0.06254,-0.06207,0.07480,-0.00573,
1733985827706507520,-0.01880,0.02487,-0.00052,0.84767,0.06994,-0.52128,0.06949,-0.07429,0.08519,-0.00447,
1733985827776314624,-0.02527,0.03211,-0.00081,0.84641,0.07584,-0.52085,0.08098,-0.09348,0.09744,0.00641,
1733985827808048384,-0.02777,0.03138,-0.00051,0.84560,0.07867,-0.52101,0.08557,-0.10174,0.09616,0.01265,
1733985827848645376,-0.03156,0.03367,0.00042,0.84414,0.08460,-0.52121,0.09276,-0.11283,0.08993,0.01536,
1733985827921970688,-0.04166,0.04277,0.00251,0.84063,0.09587,-0.52189,0.10849,-0.14377,0.10054,0.02371,
1733985827953441280,-0.04726,0.04662,0.00366,0.83916,0.09864,-0.52263,0.11375,-0.15620,0.11100,0.02786,
1733985828031925504,-0.06080,0.04912,0.00557,0.83470,0.10992,-0.52390,0.12931,-0.17824,0.09486,0.02704,
1733985828070434560,-0.06737,0.04896,0.00641,0.83222,0.11747,-0.52368,0.13919,-0.18676,0.07584,0.02593,
1733985828104144640,-0.07407,0.04949,0.00707,0.82959,0.12389,-0.52396,0.14798,-0.18890,0.06674,0.02874,
1733985828166157568,-0.08532,0.05465,0.00855,0.82543,0.13344,-0.52394,0.16229,-0.19011,0.07465,0.02625,
1733985828208281600,-0.09139,0.05571,0.00886,0.82287,0.14014,-0.52327,0.17158,-0.18721,0.06151,0.01593,
1733985828274698496,-0.10571,0.05865,0.01020,0.81753,0.15366,-0.52171,0.18935,-0.19849,0.04881,0.02224,
1733985828310357504,-0.11303,0.05771,0.01030,0.81426,0.15859,-0.52269,0.19653,-0.21384,0.04393,0.02498,
1733985828382640640,-0.12694,0.05819,0.01189,0.80732,0.17268,-0.52212,0.21403,-0.21112,0.01758,0.02672,
1733985828419324416,-0.13434,0.05952,0.01233,0.80320,0.17945,-0.52208,0.22385,-0.19447,0.01083,0.02058,
1733985828455247360,-0.13905,0.05881,0.01202,0.79979,0.18310,-0.52319,0.23040,-0.19163,0.01468,0.01881,
1733985828524919552,-0.15090,0.06138,0.01238,0.79228,0.19385,-0.52284,0.24768,-0.17193,0.00047,0.01151,
1733985828566490368,-0.15679,0.06185,0.01261,0.78787,0.19950,-0.52354,0.25568,-0.16797,-0.00491,0.01976,
1733985828634016512,-0.16822,0.06105,0.01347,0.78076,0.21020,-0.52303,0.26960,-0.15903,-0.00699,0.01634,
1733985828669628416,-0.17172,0.06167,0.01386,0.77818,0.21414,-0.52272,0.27450,-0.15326,-0.00416,0.01676,
1733985828704447488,-0.17703,0.06173,0.01412,0.77499,0.21949,-0.52141,0.28167,-0.13639,-0.00143,0.00534,
1733985828776329472,-0.18559,0.06184,0.01425,0.77064,0.22700,-0.51853,0.29278,-0.11490,-0.00739,0.00409,
1733985828814476544,-0.18974,0.06099,0.01430,0.76793,0.23070,-0.51779,0.29826,-0.11417,-0.01003,0.00535,
1733985828886397696,-0.19807,0.06091,0.01447,0.76335,0.23648,-0.51658,0.30744,-0.10703,-0.00830,0.00546,
1733985828921232384,-0.20155,0.06097,0.01444,0.76125,0.23827,-0.51690,0.31071,-0.10067,-0.01003,0.00789,
1733985828961728512,-0.20504,0.06061,0.01447,0.75891,0.24101,-0.51645,0.31503,-0.07168,-0.00887,0.00375,
1733985829026019584,-0.20817,0.06213,0.01419,0.75838,0.24069,-0.51584,0.31754,-0.02698,-0.00111,0.00297,
1733985829061862400,-0.20884,0.06193,0.01388,0.75807,0.24025,-0.51604,0.31829,-0.01369,-0.00453,0.00175,
1733985829098033408,-0.20921,0.06208,0.01394,0.75800,0.23961,-0.51679,0.31772,-0.00720,-0.00894,0.00568,
1733985829168794368,-0.21023,0.06165,0.01421,0.75726,0.23784,-0.51971,0.31606,0.01454,-0.00614,0.00872,
1733985829207984384,-0.20946,0.06250,0.01415,0.75840,0.23408,-0.52162,0.31298,0.03050,0.00794,-0.00148,
1733985829311621376,-0.20291,0.06562,0.01235,0.76366,0.21882,-0.52729,0.30152,0.08652,0.02475,-0.02188,
1733985829356151552,-0.19812,0.06765,0.01108,0.76770,0.20761,-0.53096,0.29260,0.10325,0.02403,-0.01892,
1733985829384622592,-0.19623,0.06765,0.01030,0.76885,0.20355,-0.53211,0.29034,0.12051,0.02063,-0.02549,
1733985829425423360,-0.18950,0.06980,0.00926,0.77429,0.19029,-0.53553,0.27834,0.13723,0.01976,-0.01585,
1733985829452657408,-0.18688,0.06942,0.00882,0.77577,0.18573,-0.53688,0.27467,0.15266,0.00715,-0.01808,
1733985829525571584,-0.17358,0.07002,0.00757,0.78366,0.16484,-0.54294,0.25283,0.16172,-0.00020,-0.00808,
1733985829559474432,-0.16865,0.07005,0.00706,0.78653,0.15396,-0.54655,0.24278,0.16323,-0.00568,-0.01185,
1733985829633675520,-0.15398,0.06912,0.00630,0.79338,0.12995,-0.55372,0.21693,0.17125,-0.01580,-0.00669,
1733985829706469632,-0.14005,0.06630,0.00602,0.79941,0.10731,-0.55916,0.19175,0.18741,-0.03400,-0.00444,
1733985829746414336,-0.13157,0.06318,0.00589,0.80324,0.09030,-0.56241,0.17419,0.18849,-0.04437,-0.00204,
1733985829779278592,-0.12505,0.05988,0.00613,0.80635,0.07499,-0.56482,0.15864,0.18599,-0.05846,0.00096,
1733985829811961344,-0.11735,0.05707,0.00621,0.80943,0.05778,-0.56720,0.14061,0.17347,-0.06043,0.00228,
1733985829884397568,-0.10585,0.05162,0.00689,0.81170,0.03841,-0.57103,0.11655,0.14022,-0.06846,0.00823,
1733985829918153472,-0.10171,0.05090,0.00671,0.81238,0.03558,-0.57133,0.11119,0.14078,-0.07395,0.01207,
1733985829989773568,-0.09111,0.04335,0.00859,0.81219,0.02053,-0.57645,0.08735,0.13159,-0.08902,0.01524,
1733985830062181376,-0.07838,0.03801,0.00909,0.81284,0.00961,-0.57847,0.06764,0.14661,-0.10140,0.01452,
1733985830098885632,-0.06940,0.03457,0.00895,0.81419,0.00859,-0.57753,0.05890,0.15927,-0.11148,0.01802,
1733985830134242560,-0.06137,0.02905,0.00993,0.81422,0.00630,-0.57861,0.04701,0.15529,-0.12422,0.02109,
1733985830170753536,-0.05573,0.02538,0.01051,0.81446,0.00464,-0.57889,0.03902,0.14793,-0.12755,0.02311,
1733985830206437632,-0.04890,0.02029,0.01143,0.81439,-0.00058,-0.57970,0.02675,0.13542,-0.13074,0.02762,
1733985830279016448,-0.03866,0.01187,0.01261,0.81374,-0.01210,-0.58107,0.00633,0.12620,-0.12832,0.02131,
1733985830310737664,-0.03353,0.00827,0.01280,0.81401,-0.01583,-0.58063,-0.00183,0.12823,-0.12411,0.01383,
1733985830387526400,-0.02230,-0.00071,0.01310,0.81322,-0.03003,-0.58070,-0.02362,0.13485,-0.12463,0.00893,
1733985830454099456,-0.01249,-0.00849,0.01300,0.81332,-0.03877,-0.57915,-0.03995,0.14231,-0.14633,0.00529,
1733985830494754560,-0.00553,-0.01548,0.01350,0.81216,-0.04751,-0.57889,-0.05495,0.11495,-0.14292,0.01264,
1733985830526407424,-0.00191,-0.01932,0.01382,0.81173,-0.05103,-0.57846,-0.06231,0.10599,-0.14400,0.01609,
1733985830560911360,0.00171,-0.02259,0.01405,0.81116,-0.05450,-0.57806,-0.06990,0.10627,-0.14407,0.01447,
1733985830631651328,0.01045,-0.03181,0.01393,0.81019,-0.06661,-0.57558,-0.08864,0.11811,-0.14541,0.00042,
1733985830669416448,0.01586,-0.03738,0.01341,0.81012,-0.07315,-0.57321,-0.09891,0.12588,-0.14423,-0.00968,
1733985830739017472,0.02524,-0.04727,0.01242,0.80915,-0.08629,-0.56911,-0.11806,0.11996,-0.15574,-0.01210,
1733985830778044416,0.03008,-0.05357,0.01212,0.80871,-0.09171,-0.56665,-0.12834,0.11167,-0.16381,-0.00122,
1733985830814981376,0.03467,-0.05951,0.01187,0.80807,-0.09721,-0.56427,-0.13848,0.10445,-0.15995,-0.00291,
1733985830881999616,0.04082,-0.06848,0.01156,0.80678,-0.10586,-0.56056,-0.15385,0.09180,-0.16967,0.00659,
1733985830919013376,0.04373,-0.07489,0.01172,0.80509,-0.11173,-0.55898,-0.16398,0.07328,-0.15451,0.00606,
1733985830955398656,0.04646,-0.07947,0.01208,0.80249,-0.11901,-0.55808,-0.17436,0.05527,-0.12327,0.00739,
1733985831029232384,0.04854,-0.08658,0.01247,0.79842,-0.13001,-0.55706,-0.18792,0.04643,-0.08508,0.00047,
1733985831098212608,0.05269,-0.09297,0.01228,0.79587,-0.13813,-0.55491,-0.19899,0.06494,-0.06306,-0.00485,
1733985831135265536,0.05456,-0.09759,0.01203,0.79597,-0.13724,-0.55367,-0.20260,0.05451,-0.07178,-0.01284,
1733985831169220352,0.05590,-0.09988,0.01173,0.79555,-0.13968,-0.55235,-0.20614,0.04663,-0.06127,-0.01313,
1733985831203417600,0.05718,-0.10239,0.01149,0.79470,-0.14272,-0.55128,-0.21020,0.03713,-0.04945,-0.01158,
1733985831274831616,0.05795,-0.10508,0.01149,0.79368,-0.14532,-0.55046,-0.21435,0.00755,-0.00953,-0.00378,
1733985831311147520,0.05760,-0.10527,0.01168,0.79336,-0.14562,-0.55066,-0.21482,-0.00347,0.00608,-0.00058,
1733985831384659456,0.05621,-0.10495,0.01255,0.79382,-0.14227,-0.55132,-0.21365,-0.02221,0.03514,0.01011,
1733985831420050432,0.05417,-0.10304,0.01334,0.79439,-0.13839,-0.55284,-0.21015,-0.04075,0.06057,0.01386,
1733985831488072448,0.04876,-0.09734,0.01531,0.79584,-0.12787,-0.55709,-0.19985,-0.07145,0.10495,0.02120,
1733985831533149440,0.04396,-0.09096,0.01637,0.79751,-0.11911,-0.56054,-0.18867,-0.08996,0.13613,0.01322,
1733985831600093696,0.03926,-0.08321,0.01696,0.80095,-0.10714,-0.56279,-0.17396,-0.09104,0.15878,0.00948,
1733985831633982464,0.03539,-0.07747,0.01744,0.80321,-0.09823,-0.56450,-0.16295,-0.10601,0.17157,0.00491,
1733985831666851584,0.03266,-0.07281,0.01758,0.80499,-0.09162,-0.56553,-0.15419,-0.11217,0.18204,0.00714,
1733985831703778560,0.02794,-0.06605,0.01802,0.80692,-0.08256,-0.56740,-0.14184,-0.13358,0.18297,0.00930,
1733985831778224384,0.01545,-0.05221,0.01981,0.80868,-0.06216,-0.57363,-0.11455,-0.18208,0.18884,0.02813,
1733985831810805504,0.01080,-0.04811,0.02070,0.80931,-0.05430,-0.57533,-0.10520,-0.18638,0.17995,0.03111,
1733985831884327424,-0.00401,-0.03511,0.02290,0.81149,-0.02977,-0.57867,-0.07576,-0.18645,0.14728,0.02305,
1733985831916530688,-0.00763,-0.03110,0.02276,0.81307,-0.02060,-0.57823,-0.06434,-0.16558,0.13015,0.01942,
1733985831957453568,-0.01382,-0.02532,0.02302,0.81398,-0.01006,-0.57863,-0.05026,-0.16821,0.12643,0.01438,
1733985832025033472,-0.02464,-0.01567,0.02326,0.81395,0.00487,-0.58026,-0.02758,-0.17307,0.12188,0.01381,
1733985832100908544,-0.03668,-0.00750,0.02406,0.81288,0.02159,-0.58201,-0.00484,-0.16707,0.09904,0.01511,
1733985832134509568,-0.04269,-0.00341,0.02419,0.81214,0.02980,-0.58266,0.00688,-0.15956,0.09649,0.00973,
1733985832168132608,-0.04693,-0.00093,0.02442,0.81216,0.03646,-0.58210,0.01522,-0.14798,0.09435,0.00510,
1733985832203194624,-0.05326,0.00244,0.02359,0.81154,0.04222,-0.58218,0.02638,-0.13418,0.09417,-0.00751,
1733985832276299520,-0.06186,0.00898,0.02252,0.81158,0.05176,-0.58028,0.04391,-0.12524,0.09171,-0.01507,
1733985832310236416,-0.06495,0.01144,0.02256,0.81171,0.05670,-0.57911,0.05039,-0.12296,0.08945,-0.01393,
1733985832384597504,-0.07539,0.01779,0.02189,0.81056,0.06954,-0.57718,0.07089,-0.12948,0.07859,-0.00824,
1733985832419525376,-0.07870,0.01988,0.02146,0.81031,0.07398,-0.57603,0.07817,-0.12181,0.07521,-0.01063,
1733985832488928512,-0.07811,0.01903,0.02273,0.81106,0.06982,-0.57593,0.07487,-0.11123,0.07199,-0.01436,
1733985832527012608,-0.08366,0.02332,0.02213,0.81032,0.07412,-0.57524,0.08361,-0.10731,0.06814,-0.01359,
1733985832561413632,-0.08715,0.02540,0.02177,0.80969,0.07843,-0.57448,0.09071,-0.09412,0.05829,-0.01466,
1733985832630386688,-0.09221,0.02939,0.02066,0.80917,0.08343,-0.57275,0.10122,-0.08309,0.06355,-0.01889,
1733985832670287616,-0.09483,0.03178,0.01980,0.80911,0.08581,-0.57139,0.10722,-0.07136,0.05959,-0.02350,
1733985832742735360,-0.09901,0.03604,0.01799,0.80895,0.08935,-0.56905,0.11747,-0.04550,0.04911,-0.02595,
1733985832775218432,-0.10016,0.03741,0.01736,0.80898,0.09018,-0.56827,0.12042,-0.03653,0.04882,-0.02324,
1733985832810629632,-0.10112,0.03890,0.01660,0.80901,0.09047,-0.56760,0.12310,-0.02210,0.04581,-0.02608,
1733985832881829376,-0.09973,0.04232,0.01395,0.81145,0.08850,-0.56363,0.12669,0.00876,0.05068,-0.03746,
1733985832917671424,-0.09931,0.04380,0.01275,0.81210,0.08694,-0.56264,0.12791,0.01499,0.05164,-0.04033,
1733985832996378368,-0.09508,0.04699,0.00938,0.81571,0.08237,-0.55790,0.12878,0.04349,0.03963,-0.02793,
1733985833060997376,-0.09302,0.04611,0.00870,0.81737,0.07741,-0.55709,0.12475,0.01466,0.01707,-0.02165,
1733985833102469376,-0.09286,0.04660,0.00828,0.81693,0.07474,-0.55838,0.12348,-0.01482,0.00223,-0.00461,
1733985833131871488,-0.09308,0.04704,0.00805,0.81659,0.07282,-0.55927,0.12288,-0.00894,0.00302,-0.00026,
1733985833168823552,-0.09286,0.04747,0.00775,0.81648,0.07063,-0.55993,0.12182,-0.00405,0.00393,-0.00259,
1733985833203885568,-0.09220,0.04822,0.00705,0.81653,0.06723,-0.56058,0.12045,0.00575,0.01442,-0.01097,
1733985833275013376,-0.09046,0.04910,0.00588,0.81661,0.06147,-0.56175,0.11754,0.01663,0.01531,-0.01336,
1733985833310428416,-0.09011,0.04910,0.00573,0.81618,0.05967,-0.56281,0.11629,0.01013,0.00426,-0.00575,
1733985833381028352,-0.08746,0.04848,0.00547,0.81635,0.05481,-0.56407,0.11127,0.03776,0.00006,-0.00295,
1733985833419120640,-0.08630,0.04806,0.00541,0.81651,0.05326,-0.56438,0.10933,0.03691,-0.00478,-0.00691,
1733985833489157376,-0.08470,0.04722,0.00551,0.81641,0.05049,-0.56546,0.10568,0.02061,-0.00539,-0.00375,
1733985833525251328,-0.08386,0.04690,0.00550,0.81625,0.04857,-0.56625,0.10362,0.00826,0.00147,-0.00198,
1733985833562199552,-0.08386,0.04673,0.00561,0.81559,0.04716,-0.56755,0.10234,-0.00366,0.00144,0.00170,
1733985833633248512,-0.08393,0.04646,0.00589,0.81477,0.04537,-0.56919,0.10060,0.00361,0.00074,-0.00076,
1733985833668366336,-0.08348,0.04628,0.00590,0.81489,0.04478,-0.56920,0.09979,0.01728,-0.00427,-0.00259,
1733985833740000512,-0.08182,0.04587,0.00569,0.81572,0.04350,-0.56847,0.09775,0.01589,-0.01093,-0.00419,
1733985833776347392,-0.08081,0.04547,0.00565,0.81611,0.04244,-0.56827,0.09610,0.00661,-0.01689,0.00578,
1733985833810923520,-0.07956,0.04456,0.00593,0.81670,0.04214,-0.56777,0.09412,0.01524,-0.03088,0.01542,
1733985833882852608,-0.07671,0.04279,0.00628,0.81754,0.03957,-0.56761,0.08877,0.02070,-0.02964,0.01372,
1733985833916280576,-0.07542,0.04198,0.00641,0.81776,0.03783,-0.56784,0.08604,0.02614,-0.03382,0.01034,
1733985833988165632,-0.07108,0.03991,0.00631,0.81909,0.03335,-0.56720,0.07915,0.02599,-0.03707,0.00974,
1733985834024924416,-0.07009,0.03844,0.00693,0.81904,0.03267,-0.56771,0.07621,-0.00065,-0.04590,0.02467,
1733985834063252480,-0.06921,0.03691,0.00765,0.81991,0.03402,-0.56660,0.07451,0.01357,-0.05297,0.02783,
1733985834131750656,-0.06832,0.03452,0.00877,0.82015,0.03471,-0.56668,0.07093,-0.02369,-0.03718,0.02651,
1733985834168479488,-0.06871,0.03303,0.00990,0.81918,0.03475,-0.56837,0.06849,-0.03376,-0.03606,0.03581,
1733985834241029376,-0.07135,0.03085,0.01216,0.81640,0.03481,-0.57272,0.06540,-0.06737,-0.03298,0.03465,
1733985834276360448,-0.07400,0.03036,0.01330,0.81441,0.03491,-0.57558,0.06504,-0.08366,-0.01411,0.02911,
1733985834309406464,-0.07567,0.03008,0.01402,0.81344,0.03506,-0.57695,0.06495,-0.08283,-0.00100,0.02524,
1733985834381522432,-0.08184,0.03106,0.01509,0.81008,0.03699,-0.58107,0.06896,-0.09191,0.01816,0.01777,
1733985834418720512,-0.08397,0.03143,0.01545,0.80923,0.03812,-0.58199,0.07065,-0.08822,0.01723,0.01408,
1733985834459108608,-0.08661,0.03220,0.01561,0.80835,0.04008,-0.58268,0.07386,-0.08349,0.02289,0.00803,
1733985834523911424,-0.09245,0.03220,0.01699,0.80590,0.04560,-0.58502,0.07870,-0.08286,0.01449,0.02115,
1733985834562170624,-0.09509,0.03157,0.01807,0.80455,0.04873,-0.58645,0.08007,-0.06988,-0.00637,0.03121,
1733985834633127424,-0.09509,0.02824,0.02041,0.80590,0.05611,-0.58397,0.07976,0.02972,-0.03203,0.01734,
1733985834665861632,-0.09448,0.02769,0.02046,0.80650,0.05697,-0.58310,0.07944,0.03150,-0.01319,-0.00254,
1733985834741632512,-0.09494,0.02796,0.02004,0.80666,0.05733,-0.58272,0.08025,0.01207,0.03428,-0.01633,
1733985834774517504,-0.09511,0.02794,0.01999,0.80664,0.05744,-0.58274,0.08031,0.02092,0.02040,-0.02058,
1733985834817193472,-0.09470,0.02845,0.01953,0.80673,0.05663,-0.58267,0.08052,0.02159,0.01788,-0.02267,
1733985834882119424,-0.09590,0.02912,0.01913,0.80552,0.05457,-0.58454,0.08044,0.01274,0.02938,-0.01484,
1733985834918165504,-0.09559,0.02924,0.01894,0.80553,0.05362,-0.58469,0.07993,0.03250,0.02340,-0.02112,
1733985834990202368,-0.09283,0.02898,0.01816,0.80652,0.05020,-0.58407,0.07665,0.06045,0.02964,-0.02275,
1733985835027173632,-0.09119,0.02849,0.01800,0.80684,0.04820,-0.58418,0.07359,0.06312,0.02829,-0.01821,
1733985835059322624,-0.08983,0.02784,0.01785,0.80732,0.04794,-0.58365,0.07272,0.07374,0.00950,-0.02638,
1733985835132391424,-0.08315,0.02556,0.01712,0.80938,0.04142,-0.58240,0.06323,0.06153,0.00490,-0.02550,
1733985835168847616,-0.08137,0.02460,0.01712,0.80947,0.03919,-0.58276,0.06002,0.04908,0.00537,-0.02120,
1733985835240518656,-0.08124,0.02250,0.01823,0.80673,0.03554,-0.58740,0.05370,-0.00314,-0.00162,0.00880,
1733985835274140672,-0.07992,0.02042,0.01931,0.80611,0.03373,-0.58879,0.04873,0.02849,-0.01001,0.01263,
1733985835310997504,-0.07846,0.01949,0.01944,0.80663,0.03214,-0.58840,0.04581,0.05812,-0.02582,0.00731,
1733985835386493440,-0.07237,0.01530,0.02074,0.80900,0.02318,-0.58658,0.03016,0.06764,-0.04126,0.01426,
1733985835420843520,-0.06428,0.01212,0.01935,0.81051,0.01984,-0.58490,0.02382,0.09296,-0.06088,0.00180,
1733985835487452416,-0.05934,0.00860,0.01947,0.81060,0.01480,-0.58523,0.01451,0.07812,-0.09517,0.02537,
1733985835524790528,-0.05579,0.00476,0.02057,0.81125,0.01360,-0.58450,0.00717,0.08821,-0.11146,0.04077,
1733985835559488512,-0.05446,0.00244,0.02139,0.81077,0.01197,-0.58524,0.00217,0.07694,-0.11126,0.03538,
1733985835632704512,-0.04826,-0.00570,0.02358,0.80869,0.00366,-0.58811,-0.01147,0.11378,-0.13244,0.03104,
1733985835704677632,-0.04498,-0.01006,0.02420,0.80581,-0.00887,-0.59157,-0.02513,0.13596,-0.14734,0.01994,
1733985835742290432,-0.04323,-0.00946,0.02309,0.80492,-0.01685,-0.59225,-0.03259,0.13421,-0.12744,0.00059,
1733985835742290432,-0.04343,-0.01067,0.02313,0.80486,-0.01544,-0.59251,-0.02982,0.15033,-0.14272,-0.00423,
1733985835777077504,-0.04724,-0.00701,0.02340,0.80440,-0.01623,-0.59309,-0.03022,0.11358,-0.09203,-0.00068,
1733985835849614336,-0.04066,-0.01162,0.02273,0.80150,-0.03058,-0.59552,-0.04495,0.12582,-0.09231,-0.00744,
1733985835880230400,-0.04153,-0.01362,0.02409,0.80037,-0.03477,-0.59632,-0.05094,0.09707,-0.09049,0.00760,
1733985835919783680,-0.03797,-0.01762,0.02463,0.79957,-0.04121,-0.59608,-0.06073,0.09967,-0.09708,0.01004,
1733985835955543552,-0.03577,-0.02083,0.02518,0.79752,-0.04829,-0.59730,-0.06967,0.09377,-0.10468,0.01825,
1733985836024099584,-0.03036,-0.02906,0.02675,0.79548,-0.05785,-0.59695,-0.08672,0.09830,-0.12578,0.02017,
1733985836065460480,-0.02864,-0.03277,0.02751,0.79347,-0.06389,-0.59769,-0.09532,0.07810,-0.11022,0.01452,
1733985836132830464,-0.02719,-0.03875,0.02920,0.78941,-0.07294,-0.59978,-0.10851,0.04965,-0.09007,0.02086,
1733985836168274432,-0.02657,-0.04144,0.03009,0.78778,-0.07610,-0.60053,-0.11395,0.05142,-0.09433,0.02039,
1733985836203973632,-0.02394,-0.04549,0.03074,0.78661,-0.08066,-0.59985,-0.12212,0.05345,-0.09573,0.01868,
1733985836314069504,-0.01920,-0.05489,0.03229,0.78358,-0.09070,-0.59848,-0.14000,0.05212,-0.11522,0.01578,
1733985836345942528,-0.01820,-0.05770,0.03276,0.78331,-0.09235,-0.59756,-0.14430,0.04929,-0.10748,0.01275,
1733985836379770624,-0.01762,-0.05989,0.03314,0.78273,-0.09383,-0.59726,-0.14769,0.04364,-0.10076,0.01260,
1733985836418389504,-0.01640,-0.06284,0.03359,0.78123,-0.09783,-0.59705,-0.15375,0.03034,-0.09760,0.02011,
1733985836456546560,-0.01635,-0.06629,0.03476,0.77914,-0.10084,-0.59760,-0.16015,0.02094,-0.09828,0.02963,
1733985836524796416,-0.01449,-0.07109,0.03556,0.77678,-0.10774,-0.59678,-0.16987,0.04465,-0.10701,0.01380,
1733985836562584320,-0.01187,-0.07428,0.03530,0.77634,-0.11286,-0.59458,-0.17616,0.06345,-0.11040,0.00448,
1733985836596740608,-0.01037,-0.07710,0.03526,0.77559,-0.11666,-0.59330,-0.18120,0.06011,-0.11174,-0.00014,
1733985836666437376,-0.00638,-0.08291,0.03480,0.77293,-0.12774,-0.59068,-0.19326,0.03970,-0.11247,0.00904,
1733985836738667520,-0.00580,-0.08933,0.03623,0.76787,-0.13657,-0.59112,-0.20565,-0.00492,-0.11128,0.03383,
1733985836773682688,-0.00631,-0.09311,0.03755,0.76438,-0.14148,-0.59181,-0.21320,-0.02014,-0.10057,0.03505,
1733985836815278592,-0.00802,-0.09595,0.03911,0.76038,-0.14588,-0.59366,-0.21932,-0.03334,-0.09585,0.04103,
1733985836844712448,-0.00950,-0.09747,0.04044,0.75732,-0.14952,-0.59501,-0.22377,-0.03910,-0.09184,0.04586,
1733985836919031296,-0.01165,-0.10215,0.04297,0.75109,-0.15685,-0.59719,-0.23373,-0.04855,-0.09037,0.04520,
1733985836950550528,-0.01266,-0.10391,0.04395,0.74800,-0.16153,-0.59791,-0.23854,-0.04857,-0.07569,0.03982,
1733985837061488384,-0.01423,-0.11097,0.04663,0.74119,-0.16946,-0.59907,-0.25107,-0.03088,-0.04144,0.01307,
1733985837098620416,-0.01397,-0.11225,0.04672,0.73957,-0.17127,-0.59977,-0.25292,-0.02117,-0.02132,0.00742,
1733985837133530624,-0.01525,-0.11227,0.04721,0.73643,-0.17512,-0.60167,-0.25495,-0.00392,0.01412,-0.00284,
1733985837167431680,-0.01495,-0.11211,0.04711,0.73462,-0.17945,-0.60208,-0.25617,0.02241,0.00891,-0.01324,
1733985837206329600,-0.01436,-0.11363,0.04735,0.73247,-0.18425,-0.60139,-0.26053,0.04296,-0.04240,-0.00536,
1733985837275732480,-0.01082,-0.12111,0.04749,0.73203,-0.18997,-0.59232,-0.27785,0.05518,-0.11457,-0.00591,
1733985837310007552,-0.00922,-0.12856,0.04910,0.73236,-0.19014,-0.58851,-0.28487,0.06194,-0.15404,0.00525,
1733985837348257536,-0.00370,-0.13929,0.04809,0.73225,-0.19331,-0.58297,-0.29426,0.09611,-0.19062,-0.02631,
1733985837418154496,0.00339,-0.15351,0.04522,0.72939,-0.20257,-0.57593,-0.30865,0.08785,-0.19751,-0.03104,
1733985837452085504,0.00412,-0.15887,0.04512,0.72637,-0.20653,-0.57494,-0.31493,0.06570,-0.20148,-0.01518,
1733985837523550464,0.00713,-0.17401,0.04530,0.71671,-0.21798,-0.57313,-0.33216,0.05621,-0.21354,0.00237,
1733985837561861632,0.00550,-0.17677,0.04634,0.71220,-0.22346,-0.57317,-0.33810,0.03355,-0.19430,0.01443,
1733985837594881536,0.00326,-0.17912,0.04724,0.70612,-0.23259,-0.57251,-0.34572,0.02566,-0.16028,-0.00017,
1733985837671728640,0.00624,-0.18802,0.04645,0.69696,-0.25382,-0.56876,-0.35543,0.06922,-0.15252,-0.02319,
1733985837739897600,0.01099,-0.18848,0.04398,0.68985,-0.27473,-0.56268,-0.36335,0.07886,-0.12316,-0.00158,
1733985837773989376,0.01053,-0.18313,0.04345,0.68445,-0.28775,-0.55758,-0.37126,0.04965,-0.10525,0.01247,
1733985837812067584,0.01200,-0.18887,0.04419,0.68408,-0.29101,-0.55100,-0.37913,0.02197,-0.13425,0.03509,
1733985837845744640,0.01241,-0.19469,0.04448,0.68313,-0.29256,-0.54655,-0.38604,-0.00200,-0.14295,0.02080,
1733985837917057536,0.01109,-0.20680,0.04322,0.67440,-0.30460,-0.53840,-0.40313,-0.06099,-0.14017,-0.01821,
1733985837952424448,0.01060,-0.21638,0.04183,0.67109,-0.30762,-0.53417,-0.41192,-0.08247,-0.16364,-0.01838,
1733985838027667456,0.00796,-0.23265,0.04129,0.66251,-0.31110,-0.52969,-0.42863,-0.10878,-0.16964,-0.02370,
1733985838061287424,0.00730,-0.23560,0.04435,0.65843,-0.31354,-0.52935,-0.43353,-0.09879,-0.15333,0.01879,
1733985838132142592,0.00031,-0.24540,0.04530,0.64932,-0.31885,-0.53077,-0.44158,-0.11421,-0.15036,0.00198,
1733985838169346560,-0.00258,-0.25048,0.04557,0.64612,-0.32183,-0.53075,-0.44413,-0.11284,-0.15665,0.00982,
1733985838203719680,-0.00433,-0.25034,0.04846,0.64282,-0.32713,-0.52845,-0.44779,-0.09972,-0.12205,0.03561,
1733985838240424448,-0.00626,-0.25488,0.04934,0.64089,-0.32881,-0.52840,-0.44936,-0.10085,-0.11740,0.04982,
1733985838344996352,-0.01216,-0.25079,0.05586,0.63648,-0.33588,-0.53277,-0.44524,-0.10941,0.00003,0.10283,
1733985838384076544,-0.02498,-0.25505,0.06016,0.63682,-0.33162,-0.53960,-0.43968,-0.16157,0.00525,0.12946,
1733985838419580416,-0.01017,-0.22904,0.05375,0.63378,-0.33426,-0.54129,-0.44001,-0.08743,0.10799,0.07783,
1733985838451988480,-0.01464,-0.22627,0.05673,0.63436,-0.32486,-0.54790,-0.43802,-0.09706,0.08384,0.05948,
1733985838486444544,-0.01633,-0.22553,0.05797,0.63461,-0.32071,-0.55057,-0.43737,-0.06627,0.05595,0.03726,
1733985838559537408,-0.01846,-0.22536,0.05875,0.63921,-0.31656,-0.54630,-0.43904,-0.02905,-0.01471,-0.00293,
1733985838599998464,-0.01745,-0.22995,0.05848,0.64308,-0.31191,-0.53936,-0.44525,-0.00842,-0.05655,-0.01369,
1733985838704372480,-0.01785,-0.23061,0.05482,0.64562,-0.31383,-0.52880,-0.45283,0.01180,0.00000,-0.06113,
1733985838744474368,-0.01609,-0.23214,0.05387,0.64637,-0.31487,-0.52762,-0.45242,0.02398,-0.02263,-0.04752,
1733985838773476608,-0.00618,-0.25491,0.05107,0.64797,-0.31223,-0.52646,-0.45332,0.06242,-0.13479,-0.03482,
1733985838809476608,-0.00575,-0.25869,0.05106,0.64665,-0.31211,-0.52710,-0.45454,0.04165,-0.15968,-0.01233,
1733985838845932544,-0.00611,-0.26350,0.05165,0.64288,-0.31427,-0.52700,-0.45849,0.04478,-0.17536,-0.00008,
1733985838918875392,-0.00370,-0.27503,0.05206,0.63744,-0.32375,-0.52381,-0.46311,0.06958,-0.16712,0.01262,
1733985838989988608,0.00055,-0.28471,0.05209,0.63391,-0.33343,-0.51947,-0.46598,0.04972,-0.16578,0.06733,
1733985839033038592,-0.00309,-0.28209,0.05398,0.63273,-0.33583,-0.51776,-0.46775,0.01542,-0.12444,0.08695,
1733985839058279424,-0.00603,-0.27461,0.05315,0.63187,-0.33756,-0.51571,-0.46994,-0.00359,-0.06839,0.05314,
1733985839095736576,-0.00623,-0.27536,0.05174,0.62855,-0.34294,-0.51212,-0.47440,-0.01132,-0.04976,0.00701,
1733985839202989568,-0.00805,-0.28436,0.04807,0.63267,-0.33973,-0.50203,-0.48194,-0.06354,-0.03689,-0.04461,
1733985839238965504,-0.00749,-0.28868,0.04763,0.63320,-0.33695,-0.50217,-0.48306,-0.05985,-0.01348,-0.06873,
1733985839274338560,-0.00735,-0.29130,0.04435,0.63484,-0.33283,-0.50663,-0.47909,-0.05865,0.00412,-0.09599,
1733985839347522560,-0.01372,-0.28721,0.03466,0.63539,-0.33189,-0.51378,-0.47133,-0.10152,0.02245,-0.14288,
1733985839380342528,-0.01701,-0.28603,0.02851,0.63777,-0.33041,-0.51504,-0.46776,-0.12654,0.01506,-0.15268,
1733985839418369536,-0.02263,-0.28645,0.02606,0.64192,-0.32726,-0.51695,-0.46216,-0.15862,0.01300,-0.13380,
1733985839455311616,-0.03101,-0.28423,0.01834,0.64556,-0.32608,-0.51727,-0.45755,-0.19452,0.03302,-0.14128,
1733985839486346496,-0.03806,-0.28342,0.01422,0.64860,-0.32447,-0.51760,-0.45402,-0.22435,0.03850,-0.12404,
1733985839561332480,-0.05949,-0.28150,0.01981,0.65401,-0.31921,-0.51960,-0.44766,-0.29790,0.03666,0.03461,
1733985839593904384,-0.07054,-0.28074,0.02313,0.65503,-0.31553,-0.52203,-0.44593,-0.30458,0.04761,0.07619,
1733985839702090496,-0.09060,-0.27476,0.04547,0.65625,-0.31276,-0.52669,-0.44058,-0.25008,0.08686,0.09895,
1733985839738868480,-0.10091,-0.27246,0.04897,0.65769,-0.31012,-0.52716,-0.43974,-0.24727,0.07208,0.09870,
1733985839773424384,-0.09757,-0.26887,0.06556,0.65645,-0.30938,-0.52632,-0.44311,-0.19239,0.06543,0.11118,
1733985839812858624,-0.10083,-0.26896,0.06957,0.65444,-0.31168,-0.52633,-0.44446,-0.15522,0.06985,0.07601,
1733985839848014592,-0.10818,-0.26500,0.06934,0.65382,-0.31450,-0.52724,-0.44229,-0.14686,0.08011,0.05068,
1733985839919564544,-0.11580,-0.26400,0.07218,0.65339,-0.32307,-0.53086,-0.43231,-0.11281,0.07300,0.02426,
1733985839952182528,-0.12054,-0.25714,0.07150,0.65300,-0.32772,-0.53358,-0.42601,-0.10917,0.07144,0.02609,
1733985839988040448,-0.11338,-0.26471,0.07180,0.65260,-0.33289,-0.53648,-0.41890,-0.08760,0.02053,0.02951,
1733985840094213376,-0.13104,-0.26019,0.08108,0.64935,-0.34267,-0.53971,-0.41186,-0.08565,-0.04291,0.09869,
1733985840133634560,-0.11350,-0.28689,0.07943,0.64696,-0.34567,-0.53616,-0.41771,-0.07068,-0.09555,0.13382,
1733985840169321472,-0.08576,-0.33274,0.07417,0.64487,-0.34724,-0.53302,-0.42362,-0.03833,-0.16508,0.13216,
1733985840204339456,-0.08154,-0.34495,0.07895,0.64253,-0.35087,-0.52766,-0.43084,-0.04991,-0.19020,0.12594,
1733985840240058368,-0.07325,-0.37673,0.07756,0.64257,-0.35074,-0.52345,-0.43599,-0.06849,-0.23756,0.12345,
1733985840346755584,-0.08366,-0.42573,0.08372,0.63747,-0.34291,-0.51863,-0.45504,-0.14023,-0.17048,0.03671,
1733985840382550528,-0.08513,-0.45316,0.07251,0.63592,-0.34010,-0.52325,-0.45403,-0.16413,-0.17163,-0.03322,
1733985840417258496,-0.08923,-0.46651,0.06796,0.63569,-0.33938,-0.52570,-0.45206,-0.17149,-0.19213,-0.07200,
1733985840453508608,-0.09537,-0.47253,0.06726,0.63617,-0.34255,-0.52583,-0.44884,-0.17809,-0.19292,-0.07937,
1733985840526140416,-0.11216,-0.50485,0.06614,0.63832,-0.34318,-0.52723,-0.44362,-0.21572,-0.21217,-0.03525,
1733985840560794624,-0.11634,-0.50860,0.06661,0.63979,-0.34244,-0.52885,-0.44014,-0.20831,-0.18862,-0.01975,
1733985840597974528,-0.12176,-0.51624,0.06958,0.64292,-0.34033,-0.53267,-0.43254,-0.19908,-0.17272,0.03363,
1733985840633124608,-0.12876,-0.51921,0.07218,0.64562,-0.33727,-0.53686,-0.42568,-0.19827,-0.16849,0.08677,
1733985840701139456,-0.13880,-0.53007,0.07852,0.64922,-0.32679,-0.54334,-0.42012,-0.16994,-0.17218,0.13815,
1733985840736577536,-0.13989,-0.53867,0.08190,0.64979,-0.32368,-0.54480,-0.41975,-0.10896,-0.16012,0.10188,
1733985840847279616,-0.14514,-0.58539,0.08680,0.66196,-0.31052,-0.53900,-0.41817,-0.04243,-0.25009,0.05375,
1733985840882335488,-0.14468,-0.59832,0.08838,0.66396,-0.30707,-0.53680,-0.42037,-0.01851,-0.26774,0.02747,
1733985840914634496,-0.14221,-0.61687,0.08391,0.66448,-0.30693,-0.53475,-0.42225,0.01589,-0.27420,-0.03279,
1733985840951877632,-0.14175,-0.62982,0.08153,0.66616,-0.30704,-0.53294,-0.42182,0.03495,-0.29199,-0.07094,
1733985841025839616,-0.13448,-0.65941,0.06846,0.66397,-0.31286,-0.53014,-0.42451,0.03809,-0.35292,-0.09683,
1733985841061871616,-0.13287,-0.67176,0.06497,0.66154,-0.31420,-0.52999,-0.42751,0.03348,-0.37594,-0.07281,
1733985841097901568,-0.13236,-0.69128,0.06221,0.65823,-0.31607,-0.52957,-0.43174,0.03325,-0.40796,-0.05424,
1733985841129935616,-0.13061,-0.70219,0.06078,0.65416,-0.31918,-0.52930,-0.43595,0.04181,-0.40229,-0.03203,
1733985841242986496,-0.12477,-0.74517,0.06637,0.63706,-0.32757,-0.53739,-0.44505,0.07966,-0.32945,0.09834,
1733985841276196352,-0.13101,-0.76711,0.06904,0.63589,-0.32885,-0.53858,-0.44433,0.05503,-0.36415,0.09706,
1733985841310028544,-0.13898,-0.78643,0.07150,0.63644,-0.32949,-0.53791,-0.44389,0.00496,-0.39411,0.10715,
1733985841344202496,-0.14211,-0.79480,0.07824,0.63668,-0.32983,-0.53392,-0.44808,-0.03726,-0.38074,0.12687,
1733985841382618368,-0.14634,-0.81439,0.08293,0.63629,-0.32694,-0.53131,-0.45383,-0.06805,-0.36869,0.10443,
1733985841486330624,-0.15727,-0.84776,0.08270,0.62977,-0.32832,-0.53423,-0.45846,-0.11792,-0.30133,-0.03190,
1733985841528360704,-0.16486,-0.85582,0.07955,0.62926,-0.32747,-0.53741,-0.45605,-0.14443,-0.30228,-0.06946,
1733985841560002560,-0.17284,-0.86331,0.08069,0.63026,-0.32683,-0.53843,-0.45392,-0.16204,-0.32458,-0.07142,
1733985841595068416,-0.17735,-0.87704,0.08314,0.63204,-0.32661,-0.53654,-0.45385,-0.17325,-0.33943,-0.04720,
1733985841666132480,-0.18600,-0.89786,0.08493,0.63360,-0.32740,-0.53152,-0.45700,-0.18027,-0.29665,-0.01197,
1733985841704833536,-0.18757,-0.90981,0.08651,0.63326,-0.33137,-0.52880,-0.45776,-0.16199,-0.25705,0.02710,
1733985841737854464,-0.19267,-0.91930,0.08633,0.63301,-0.33376,-0.52818,-0.45709,-0.17462,-0.23669,0.05744,
1733985841774862592,-0.19394,-0.92895,0.08623,0.63218,-0.33707,-0.52823,-0.45575,-0.16151,-0.20600,0.10419,
1733985841844762624,-0.20661,-0.94318,0.09189,0.63005,-0.33653,-0.53397,-0.45239,-0.14353,-0.18884,0.10533,
1733985841915893504,-0.20631,-0.95554,0.09419,0.62992,-0.34123,-0.52891,-0.45500,-0.06644,-0.21388,0.06590,
1733985841953392384,-0.20248,-0.95628,0.09708,0.63005,-0.34200,-0.52419,-0.45968,-0.04688,-0.21781,0.07495,
1733985841989552384,-0.20120,-0.97874,0.09743,0.62931,-0.34265,-0.51846,-0.46665,-0.01657,-0.23676,0.04471,
1733985842024559616,-0.20332,-0.98945,0.09794,0.62825,-0.34477,-0.51450,-0.47088,-0.00954,-0.22944,0.01490,
1733985842100367616,-0.20364,-1.02499,0.09348,0.62243,-0.35513,-0.50414,-0.48198,0.00804,-0.26613,-0.04654,
1733985842131184640,-0.20348,-1.04393,0.09045,0.62061,-0.35825,-0.49857,-0.48779,0.00015,-0.30861,-0.05661,
1733985842236225536,-0.19845,-1.07734,0.08614,0.60016,-0.37676,-0.47762,-0.51936,0.02594,-0.34452,-0.03452,
1733985842278594560,-0.20183,-1.11314,0.08456,0.59379,-0.38080,-0.47113,-0.52956,0.03612,-0.37532,-0.01595,
1733985842308724480,-0.20533,-1.13571,0.08389,0.58903,-0.38415,-0.46787,-0.53533,0.03445,-0.39506,-0.00558,
1733985842344686592,-0.20789,-1.15130,0.08231,0.58152,-0.38950,-0.46398,-0.54299,0.02385,-0.38193,-0.00033,
1733985842380243456,-0.21200,-1.16609,0.08272,0.57608,-0.39227,-0.46220,-0.54830,-0.00375,-0.38202,0.02115,
1733985842456112384,-0.21719,-1.20444,0.08331,0.55815,-0.40373,-0.45101,-0.56750,-0.04229,-0.38073,0.03673,
1733985842527461632,-0.22774,-1.23221,0.08439,0.54137,-0.41340,-0.43962,-0.58546,-0.10870,-0.35869,0.00575,
1733985842559808512,-0.23786,-1.24093,0.08412,0.53649,-0.41556,-0.43620,-0.59094,-0.16709,-0.34530,-0.00956,
1733985842594149632,-0.24994,-1.25357,0.08412,0.53147,-0.41681,-0.43029,-0.59888,-0.23008,-0.33175,-0.01920,
1733985842631743488,-0.25919,-1.26841,0.08459,0.52519,-0.41899,-0.42302,-0.60800,-0.26402,-0.32529,-0.02287,
1733985842699890688,-0.27553,-1.29387,0.08159,0.51209,-0.42591,-0.41132,-0.62224,-0.30733,-0.33926,-0.05073,
1733985842773755648,-0.30136,-1.32793,0.07705,-0.49687,0.43163,0.39441,0.64129,-0.36381,-0.36548,-0.05971,
1733985842809916416,-0.30765,-1.33953,0.07525,-0.49068,0.43478,0.38702,0.64839,-0.35978,-0.37307,-0.05889,
1733985842851037440,-0.31865,-1.36001,0.07206,-0.48294,0.43785,0.37729,0.65780,-0.36028,-0.38897,-0.05674,
1733985842881236480,-0.32288,-1.36522,0.06951,-0.47514,0.44161,0.37063,0.66472,-0.34920,-0.36561,-0.04592,
1733985842952533504,-0.35498,-1.40216,0.06421,-0.45710,0.44949,0.36032,0.67763,-0.36612,-0.33573,-0.02276,
1733985842989093632,-0.36113,-1.40621,0.06100,-0.44973,0.45450,0.35743,0.68074,-0.34956,-0.31131,-0.03059,
1733985843059632640,-0.38424,-1.42452,0.06106,-0.43464,0.46089,0.34944,0.69033,-0.38430,-0.31570,0.00253,
1733985843095600640,-0.39965,-1.43595,0.06253,-0.42300,0.46215,0.34217,0.70029,-0.39300,-0.29926,0.03623,
1733985843132496640,-0.41222,-1.44294,0.06626,-0.40999,0.46249,0.33520,0.71109,-0.36130,-0.26647,0.04625,
1733985843207471616,-0.43383,-1.45692,0.06928,-0.39192,0.47126,0.32491,0.72024,-0.28527,-0.19133,0.02791,
1733985843239597568,-0.44320,-1.46091,0.06841,-0.38575,0.47645,0.32198,0.72147,-0.28074,-0.17619,0.01929,
1733985843310415616,-0.46043,-1.46600,0.06862,-0.36259,0.48970,0.31150,0.72917,-0.29865,-0.17921,0.00516,
1733985843381977600,-0.48184,-1.47797,0.06712,-0.33537,0.50051,0.28975,0.74368,-0.29125,-0.24010,-0.06407,
1733985843416481536,-0.48764,-1.48144,0.06636,-0.32711,0.50330,0.27892,0.74960,-0.28981,-0.25715,-0.07949,
1733985843453263616,-0.49677,-1.48709,0.06528,-0.31437,0.50582,0.26349,0.75887,-0.29883,-0.26342,-0.07509,
1733985843488388608,-0.50243,-1.48902,0.06548,-0.30373,0.50743,0.25343,0.76553,-0.30043,-0.25426,-0.05932,
1733985843526133504,-0.51721,-1.49935,0.06462,-0.28809,0.50900,0.24183,0.77424,-0.31404,-0.25186,-0.03273,
1733985843596287488,-0.54051,-1.51772,0.06299,-0.25846,0.51258,0.22350,0.78772,-0.28385,-0.26537,-0.01285,
1733985843631749376,-0.55101,-1.52469,0.06296,-0.24677,0.51494,0.21517,0.79224,-0.27779,-0.26767,-0.00575,
1733985843705378560,-0.57313,-1.54127,0.06426,-0.21189,0.52154,0.19098,0.80413,-0.27706,-0.24259,0.02828,
1733985843743749632,-0.58619,-1.54780,0.06525,-0.19367,0.52508,0.18065,0.80880,-0.27296,-0.21830,0.02950,
1733985843779589376,-0.60011,-1.55452,0.06475,-0.18138,0.52688,0.17294,0.81215,-0.29284,-0.20191,0.01993,
1733985843850193408,-0.62633,-1.56626,0.06477,-0.15524,0.53038,0.15436,0.81901,-0.32679,-0.15946,0.00039,
1733985843919894528,-0.64895,-1.56902,0.06381,-0.13291,0.53168,0.13669,0.82521,-0.35574,-0.09015,-0.01420,
1733985843953640448,-0.66781,-1.55981,0.06231,-0.12075,0.53133,0.12914,0.82851,-0.37883,-0.01290,-0.01320,
1733985843989658624,-0.68443,-1.54624,0.05665,-0.11405,0.53094,0.12566,0.83024,-0.39909,0.05099,-0.03012,
1733985844023436544,-0.69852,-1.54096,0.05404,-0.10597,0.53118,0.11916,0.83211,-0.41218,0.08246,-0.03600,
1733985844095162368,-0.73943,-1.53842,0.04907,-0.08401,0.53229,0.09788,0.83668,-0.43738,0.11788,-0.02895,
1733985844132345344,-0.75751,-1.53804,0.04621,-0.07599,0.53294,0.09091,0.83782,-0.43522,0.12492,-0.02618,
1733985844237108480,-0.80536,-1.52574,0.04119,-0.05389,0.53653,0.07281,0.83901,-0.46702,0.18289,-0.03226,
1733985844276820480,-0.82542,-1.51867,0.03825,-0.04474,0.53792,0.06740,0.83911,-0.47787,0.21215,-0.04326,
1733985844309396480,-0.82975,-1.50298,0.03541,-0.03856,0.53970,0.06518,0.83844,-0.45723,0.26579,-0.05412,
1733985844381580544,-0.86258,-1.47962,0.03244,-0.02562,0.54116,0.05484,0.83874,-0.47346,0.32140,-0.06118,
1733985844422010368,-0.89266,-1.46668,0.02959,-0.01955,0.54129,0.04709,0.83929,-0.50082,0.34279,-0.06382,
1733985844452965376,-0.90349,-1.45378,0.03005,-0.01501,0.54121,0.04458,0.83957,-0.50268,0.37683,-0.04376,
1733985844488985600,-0.90788,-1.43695,0.03041,-0.01042,0.54076,0.04334,0.83999,-0.49399,0.41298,-0.03301,
1733985844527467520,-0.91814,-1.41563,0.03181,-0.00292,0.54032,0.04167,0.84042,-0.46821,0.44320,-0.01721,
1733985844597975552,-0.94589,-1.38236,0.02579,0.00760,0.54255,0.04132,0.83898,-0.44895,0.47983,-0.01980,
1733985844632402432,-0.94310,-1.35911,0.02619,0.01137,0.54506,0.04028,0.83735,-0.40275,0.50613,-0.03108,
1733985844705062400,-0.97163,-1.31822,0.02498,0.01816,0.54559,0.03254,0.83723,-0.42470,0.56691,-0.04214,
1733985844741364480,-0.98670,-1.30816,0.02798,0.02165,0.54477,0.02956,0.83778,-0.43280,0.57671,-0.02759,
1733985844811403520,-1.01285,-1.25673,0.02831,0.03445,0.54460,0.02328,0.83767,-0.38712,0.62036,-0.02207,
1733985844880773632,-1.03383,-1.21514,0.02193,0.04481,0.54494,0.01704,0.83710,-0.36839,0.63855,-0.03943,
1733985844922067456,-1.01595,-1.20178,0.02910,0.05339,0.54617,0.00973,0.83592,-0.30999,0.62752,-0.02987,
1733985844951808512,-0.98790,-1.19734,0.03869,0.05832,0.54703,0.00612,0.83506,-0.24290,0.62742,-0.01223,
1733985844988497408,-0.98540,-1.17281,0.03758,0.06708,0.54791,0.00135,0.83384,-0.21691,0.65366,-0.01264,
1733985845027499520,-0.95277,-1.16592,0.04371,0.07816,0.55020,-0.00507,0.83135,-0.13659,0.62507,-0.00575,
1733985845093794560,-0.94084,-1.13921,0.04835,0.09410,0.55231,-0.01526,0.82817,-0.10876,0.59114,-0.00314,
1733985845134773504,-0.93851,-1.12407,0.04989,0.10458,0.55232,-0.02478,0.82668,-0.10274,0.56457,-0.00509,
1733985845206588416,-0.94066,-1.08505,0.05122,0.12483,0.55117,-0.03987,0.82404,-0.09492,0.56929,0.00699,
1733985845238878464,-0.93542,-1.08587,0.05596,0.13466,0.55098,-0.04622,0.82228,-0.08754,0.54928,0.02065,
1733985845308490496,-0.94034,-1.02562,0.05471,0.15466,0.55058,-0.05619,0.81840,-0.10538,0.59587,0.01497,
1733985845378919680,-0.94725,-0.97533,0.05389,0.17615,0.54966,-0.06979,0.81362,-0.13094,0.61938,-0.00186,
1733985845418115584,-0.95225,-0.94768,0.05449,0.18661,0.54799,-0.07698,0.81176,-0.15435,0.63280,-0.00654,
1733985845451777536,-0.96036,-0.92402,0.05444,0.19739,0.54513,-0.08514,0.81032,-0.17810,0.62929,-0.00982,
1733985845489348352,-0.96458,-0.90316,0.05379,0.20560,0.54313,-0.09049,0.80904,-0.18273,0.63774,-0.01121,
1733985845526932480,-0.97102,-0.87833,0.05405,0.21751,0.53933,-0.09707,0.80770,-0.18803,0.64014,-0.00487,
1733985845596282368,-0.98314,-0.83090,0.05014,0.24029,0.53431,-0.10752,0.80325,-0.18561,0.64108,-0.01407,
1733985845631555584,-0.99021,-0.80811,0.04511,0.25302,0.53202,-0.11319,0.80007,-0.18123,0.61484,-0.02714,
1733985845703497472,-1.00333,-0.76961,0.03886,0.27265,0.52900,-0.12461,0.79391,-0.19338,0.57682,-0.04573,
1733985845773200384,-1.01566,-0.73505,0.03564,0.28814,0.52439,-0.13570,0.78967,-0.22348,0.59290,-0.05102,
1733985845809628416,-1.02576,-0.70676,0.03405,0.29885,0.51956,-0.14283,0.78762,-0.23265,0.61702,-0.03822,
1733985845844979456,-1.03524,-0.68593,0.03477,0.31092,0.51375,-0.15073,0.78528,-0.23469,0.60404,-0.02601,
1733985845881983488,-1.04382,-0.66626,0.03446,0.32239,0.50915,-0.15846,0.78212,-0.22205,0.57143,-0.01447,
1733985845950690560,-1.05493,-0.63369,0.03041,0.33679,0.50534,-0.17033,0.77601,-0.19551,0.53566,-0.02066,
1733985845987446528,-1.06096,-0.61823,0.02534,0.34600,0.50314,-0.17896,0.77143,-0.17846,0.52150,-0.03077,
1733985846101515520,-1.08060,-0.55785,0.01572,0.37448,0.49516,-0.20230,0.75741,-0.15662,0.49895,-0.06087,
1733985846131777536,-1.08055,-0.55351,0.01322,0.37813,0.49418,-0.20624,0.75516,-0.14596,0.47654,-0.07235,
1733985846164371456,-1.08383,-0.53752,0.01164,0.38509,0.49164,-0.21386,0.75117,-0.13067,0.47118,-0.06775,
1733985846205531648,-1.08413,-0.52199,0.01235,0.39279,0.48830,-0.21967,0.74768,-0.10314,0.47106,-0.05295,
1733985846237802496,-1.08384,-0.51577,0.01320,0.39823,0.48663,-0.22376,0.74467,-0.07986,0.45125,-0.03967,
1733985846276613376,-1.08803,-0.49533,0.01282,0.40448,0.48428,-0.22900,0.74123,-0.06753,0.44676,-0.03401,
1733985846346575616,-1.09321,-0.46300,0.00958,0.41120,0.48219,-0.23888,0.73576,-0.03633,0.46122,-0.02184,
1733985846376986624,-1.09213,-0.45015,0.00952,0.41340,0.48179,-0.24212,0.73373,-0.01424,0.47589,-0.00752,
1733985846453630464,-1.09385,-0.41530,0.00522,0.42052,0.48257,-0.25367,0.72522,0.02240,0.50624,-0.00317,
1733985846489852416,-1.08782,-0.40010,0.00684,0.42214,0.48400,-0.25596,0.72252,0.05144,0.52876,-0.00229,
1733985846523797504,-1.07672,-0.39681,0.01116,0.42595,0.48585,-0.26192,0.71688,0.08800,0.51530,0.00000,
1733985846596787456,-1.06949,-0.36004,0.01364,0.43112,0.48627,-0.26820,0.71116,0.11351,0.57628,-0.00792,
1733985846632425472,-1.05896,-0.33931,0.02071,0.43406,0.48619,-0.27223,0.70789,0.13731,0.59095,-0.00094,
1733985846701993472,-1.04204,-0.31299,0.02645,0.43574,0.48673,-0.27669,0.70475,0.18137,0.62106,0.00973,
1733985846738874368,-1.02963,-0.29582,0.02854,0.43636,0.48758,-0.27863,0.70300,0.21285,0.64666,0.01280,
1733985846809077504,-1.00299,-0.31850,0.04206,0.43611,0.49090,-0.28057,0.70007,0.27248,0.57716,0.03997,
1733985846882408704,-0.98064,-0.23802,0.04330,0.43568,0.49284,-0.28069,0.69893,0.30832,0.70865,0.04354,
1733985846915195392,-0.96754,-0.23737,0.05307,0.43668,0.49260,-0.28137,0.69820,0.33089,0.69532,0.06955,
1733985846951122432,-0.95114,-0.21590,0.05852,0.43735,0.49205,-0.28173,0.69802,0.35504,0.69082,0.08540,
1733985846988266496,-0.92892,-0.18249,0.06252,0.43784,0.49213,-0.28191,0.69759,0.38992,0.69350,0.09378,
1733985847063064576,-0.89589,-0.12879,0.06148,0.43546,0.49716,-0.28071,0.69599,0.42263,0.67160,0.06579,
1733985847094500608,-0.88932,-0.13340,0.06163,0.43549,0.49866,-0.28094,0.69480,0.41074,0.64773,0.05001,
1733985847130021632,-0.89168,-0.13831,0.06393,0.43607,0.49892,-0.28201,0.69382,0.37068,0.62035,0.05126,
1733985847203350528,-0.86848,-0.09179,0.07200,0.43761,0.49569,-0.28587,0.69359,0.28954,0.63069,0.04454,
1733985847275389440,-0.85962,-0.06045,0.07655,0.44237,0.49237,-0.29065,0.69094,0.25507,0.61998,0.06496,
1733985847308198400,-0.84948,-0.03292,0.07723,0.44291,0.49339,-0.29020,0.69006,0.24967,0.64895,0.05271,
1733985847346194432,-0.83063,0.01743,0.07718,0.44314,0.49499,-0.29050,0.68864,0.23507,0.70843,0.02496,
1733985847381472512,-0.82692,0.03608,0.07833,0.44333,0.49486,-0.29268,0.68769,0.20175,0.72868,0.01085,
1733985847456320512,-0.82359,0.08482,0.07657,0.44399,0.49226,-0.30232,0.68495,0.12874,0.76960,0.00300,
1733985847485145600,-0.82361,0.09860,0.07584,0.44416,0.49221,-0.30401,0.68413,0.11728,0.78396,0.00980,
1733985847556066560,-0.82757,0.14195,0.07483,0.44450,0.49297,-0.31122,0.68011,0.06087,0.80309,-0.00485,
1733985847596176384,-0.83391,0.15899,0.07296,0.44647,0.49217,-0.31911,0.67572,0.02956,0.79309,-0.00264,
1733985847630244608,-0.83188,0.20177,0.07192,0.44817,0.49051,-0.32387,0.67354,0.02022,0.84342,-0.00218,
1733985847701447424,-0.82529,0.26512,0.07465,0.45071,0.49101,-0.33403,0.66648,0.06929,0.87615,0.08142,
1733985847738588672,-0.83038,0.29122,0.07790,0.45472,0.49040,-0.33543,0.66350,0.07184,0.88899,0.10649,
1733985847809837568,-0.83931,0.30936,0.08591,0.46012,0.49289,-0.34333,0.65382,0.07832,0.80681,0.08900,
1733985847883392512,-0.83029,0.37992,0.09203,0.46729,0.48992,-0.34066,0.65236,0.11027,0.84804,0.04919,
1733985847916839680,-0.81663,0.44357,0.09500,0.46921,0.48874,-0.33957,0.65243,0.13154,0.90614,0.03199,
1733985847951988480,-0.80651,0.47974,0.09749,0.47072,0.48899,-0.33963,0.65113,0.16381,0.89619,0.01796,
1733985847989480448,-0.78613,0.52872,0.10092,0.47018,0.49142,-0.33788,0.65059,0.21606,0.92915,0.01925,
1733985848059056640,-0.76902,0.59074,0.10298,0.46734,0.49482,-0.33331,0.65242,0.24280,0.96151,-0.01434,
1733985848099286528,-0.75830,0.62423,0.10255,0.46503,0.49581,-0.33111,0.65444,0.26657,0.96607,-0.02187,
1733985848166724352,-0.73709,0.65573,0.09843,0.45819,0.50093,-0.32739,0.65723,0.31646,0.91233,-0.01470,
1733985848204738560,-0.71809,0.68452,0.09340,0.45196,0.50573,-0.32168,0.66068,0.34369,0.88435,0.00211,
1733985848236566528,-0.71621,0.66949,0.09316,0.44807,0.50912,-0.31950,0.66178,0.33975,0.81732,0.02164,
1733985848272177408,-0.70490,0.70535,0.09240,0.44049,0.51410,-0.31382,0.66573,0.33753,0.80559,0.06873,
1733985848347573504,-0.68050,0.77357,0.10114,0.43131,0.52016,-0.30317,0.67193,0.30719,0.80511,0.12046,
1733985848379240448,-0.67557,0.80695,0.10241,0.42714,0.52307,-0.30225,0.67275,0.26614,0.78335,0.09378,
1733985848452105472,-0.67063,0.83536,0.11292,0.41332,0.52426,-0.29998,0.68142,0.18521,0.75311,0.05450,
1733985848490864640,-0.67782,0.82425,0.12091,0.41157,0.52296,-0.29923,0.68380,0.14864,0.73468,0.05988,
1733985848566354432,-0.68774,0.84321,0.12371,0.41319,0.51917,-0.29752,0.68645,0.05964,0.70712,0.00810,
1733985848594124544,-0.68974,0.86709,0.12001,0.41204,0.51960,-0.29585,0.68754,0.01928,0.71198,-0.03284,
1733985848630613504,-0.70418,0.84422,0.11636,0.40998,0.51943,-0.29612,0.68878,-0.02839,0.67091,-0.07106,
1733985848701181440,-0.71168,0.88946,0.10975,0.40377,0.51730,-0.29834,0.69308,-0.08044,0.72060,-0.07087,
1733985848740039680,-0.72087,0.90050,0.10415,0.40200,0.51592,-0.30055,0.69418,-0.11443,0.71422,-0.07427,
1733985848777572352,-0.72882,0.91638,0.09990,0.40042,0.51482,-0.30347,0.69464,-0.13322,0.69836,-0.06542,
1733985848881356544,-0.74352,0.98972,0.09521,0.39392,0.51214,-0.30905,0.69787,-0.16163,0.67331,-0.00885,
1733985848920573440,-0.74310,1.06778,0.09324,0.39286,0.50828,-0.30927,0.70119,-0.13759,0.74508,0.02866,
1733985848951071488,-0.75212,1.05145,0.09330,0.39102,0.50871,-0.30745,0.70271,-0.11194,0.70048,0.04214,
1733985849027636480,-0.75495,1.11680,0.09831,0.38482,0.50959,-0.29838,0.70937,-0.05037,0.71750,0.05101,
1733985849061652480,-0.75151,1.13413,0.10278,0.38463,0.51065,-0.29364,0.71069,-0.02156,0.73072,0.05764,
1733985849131279360,-0.75439,1.18400,0.10468,0.38369,0.51355,-0.28504,0.71260,-0.01818,0.70715,-0.02850,
1733985849165626624,-0.75259,1.21017,0.10041,0.37849,0.51592,-0.28346,0.71430,0.00674,0.70526,-0.07112,
1733985849202332416,-0.75482,1.23470,0.09662,0.37465,0.51618,-0.28354,0.71610,0.01330,0.71204,-0.09985,
1733985849275907584,-0.75136,1.26798,0.09484,0.36509,0.51784,-0.27868,0.72173,0.07659,0.71454,-0.06146,
1733985849307685632,-0.74683,1.28499,0.09294,0.36081,0.52083,-0.27506,0.72311,0.10224,0.70237,-0.04953,
1733985849343168512,-0.74054,1.32214,0.09573,0.35366,0.52354,-0.26725,0.72760,0.11605,0.69939,-0.02775,
1733985849379794688,-0.73734,1.34268,0.09714,0.34840,0.52486,-0.26359,0.73051,0.12015,0.68406,-0.00504,
1733985849452771328,-0.73302,1.38942,0.09585,0.33648,0.52790,-0.25884,0.73559,0.12279,0.64145,0.06733,
1733985849490466560,-0.73105,1.42086,0.09538,0.32906,0.52995,-0.25369,0.73927,0.11330,0.62721,0.07764,
1733985849598388480,-0.72125,1.48250,0.10940,0.31471,0.53281,-0.24674,0.74578,0.06220,0.64362,0.08229,
1733985849635909632,-0.72526,1.53591,0.11879,0.31886,0.53046,-0.24151,0.74740,0.02325,0.67602,0.09225,
1733985849667124480,-0.73273,1.52841,0.12017,0.32082,0.52975,-0.24073,0.74732,-0.02374,0.62167,0.04222,
1733985849703922432,-0.73565,1.55243,0.11685,0.31880,0.52880,-0.24085,0.74882,-0.06212,0.59998,-0.02980,
1733985849740115456,-0.73507,1.58054,0.11258,0.31546,0.52918,-0.24178,0.74966,-0.07413,0.61551,-0.06114,
1733985849808007424,-0.74169,1.63323,0.10626,0.30827,0.52824,-0.24509,0.75224,-0.12692,0.68151,-0.09635,
1733985849846767360,-0.75143,1.65230,0.10686,0.30847,0.52543,-0.24582,0.75389,-0.16490,0.70455,-0.08472,
1733985849878492672,-0.75814,1.65699,0.10397,0.31050,0.52347,-0.24704,0.75402,-0.18526,0.69073,-0.09026,
1733985849988956416,-0.78031,1.73323,0.08779,0.31907,0.51713,-0.25842,0.75099,-0.20735,0.68054,-0.03109,
1733985850029066496,-0.78696,1.77774,0.08376,0.32149,0.51778,-0.25754,0.74981,-0.18244,0.71456,0.07124,
1733985850058906624,-0.79218,1.81539,0.08351,0.32416,0.51838,-0.25381,0.74952,-0.17924,0.74760,0.08855,
1733985850093507584,-0.80017,1.84626,0.08705,0.32944,0.51867,-0.25531,0.74650,-0.16793,0.73103,0.08746,
1733985850127676416,-0.80155,1.87807,0.08803,0.33037,0.51947,-0.25484,0.74570,-0.14024,0.75139,0.07948,
1733985850206874624,-0.80494,1.94311,0.09812,0.33328,0.52094,-0.24955,0.74517,-0.08923,0.77004,0.02839,
1733985850238913536,-0.80155,1.95535,0.10122,0.33225,0.52318,-0.24796,0.74459,-0.05243,0.76683,0.00569,
1733985850346012672,-0.79861,2.07012,0.10189,0.32565,0.53175,-0.24040,0.74391,0.00888,0.83621,-0.04615,
1733985850380769536,-0.79721,2.09880,0.10587,0.32391,0.53192,-0.24007,0.74465,0.01848,0.84102,-0.03533,
1733985850416007424,-0.79555,2.11687,0.10736,0.32140,0.53188,-0.24088,0.74551,0.03665,0.82646,-0.01815,
1733985850495183360,-0.79637,2.18118,0.10637,0.31617,0.52959,-0.24381,0.74841,0.06220,0.80023,0.03694,
1733985850523437568,-0.79857,2.20686,0.10429,0.31582,0.52848,-0.24711,0.74826,0.07087,0.79053,0.07128,
1733985850557745408,-0.79727,2.21545,0.10608,0.31573,0.52815,-0.25030,0.74747,0.07712,0.76763,0.11246,
1733985850628992512,-0.78841,2.26772,0.11698,0.31939,0.52620,-0.24514,0.74901,0.08955,0.77052,0.19324,
1733985850666723584,-0.78528,2.36233,0.12053,0.32217,0.52779,-0.24612,0.74637,0.06446,0.77410,0.14018,
1733985850741441536,-0.78395,2.39487,0.12833,0.31661,0.52509,-0.25130,0.74892,0.02859,0.72281,0.10165,
1733985850773955584,-0.78540,2.41472,0.13279,0.31859,0.52285,-0.25252,0.74924,0.00692,0.74171,0.09387,
1733985850810333440,-0.78715,2.45126,0.13560,0.32256,0.51982,-0.25430,0.74905,-0.01143,0.76621,0.07192,
1733985850883955456,-0.78898,2.50703,0.13528,0.32901,0.51703,-0.26325,0.74507,-0.04351,0.74411,-0.02162,
1733985850915963392,-0.79019,2.52126,0.13242,0.32891,0.51653,-0.26695,0.74414,-0.05232,0.74389,-0.05209,
1733985850952672512,-0.79181,2.55072,0.12702,0.32758,0.51785,-0.27225,0.74189,-0.06415,0.77212,-0.07853,
1733985850990064384,-0.79232,2.57016,0.12362,0.32762,0.51905,-0.27640,0.73950,-0.07725,0.79307,-0.08370,
1733985851059654400,-0.80064,2.63176,0.11717,0.33260,0.51760,-0.28515,0.73495,-0.12051,0.84973,-0.07743,
1733985851093867520,-0.80460,2.66095,0.11823,0.33585,0.51708,-0.28826,0.73263,-0.12119,0.85542,-0.04626,
1733985851128285440,-0.81039,2.69089,0.11891,0.33942,0.51854,-0.28878,0.72974,-0.11239,0.85869,0.02197,
1733985851205451520,-0.81026,2.78803,0.12424,0.34466,0.52389,-0.28043,0.72671,-0.06773,0.88907,0.12330,
1733985851240056576,-0.80999,2.82279,0.12916,0.34634,0.52748,-0.28203,0.72269,-0.07136,0.87130,0.10448,
1733985851274736384,-0.81027,2.84649,0.13774,0.34542,0.52632,-0.28290,0.72363,-0.05805,0.86996,0.11452,
1733985851380994560,-0.82162,2.92549,0.15621,0.35765,0.51510,-0.27839,0.72750,-0.04883,0.83720,0.05944,
1733985851415679488,-0.82433,2.99488,0.15713,0.35906,0.51375,-0.27856,0.72769,-0.02913,0.86105,0.01712,
1733985851451144448,-0.82394,2.99972,0.15318,0.35506,0.51656,-0.27742,0.72811,0.01960,0.79762,-0.00942,
1733985851523734528,-0.81595,3.05547,0.15144,0.34792,0.52290,-0.27376,0.72841,0.07130,0.82137,-0.02657,
1733985851559817472,-0.81600,3.07614,0.14902,0.34594,0.52412,-0.27306,0.72874,0.07994,0.82581,-0.02368,
1733985851630392576,-0.81267,3.17317,0.14544,0.34474,0.52282,-0.27628,0.72903,0.08660,0.87410,-0.01153,
1733985851672960512,-0.81452,3.19978,0.14508,0.34278,0.52088,-0.28039,0.72977,0.08929,0.85188,0.02953,
1733985851703233536,-0.81229,3.19108,0.15039,0.34136,0.51844,-0.28209,0.73151,0.10609,0.77848,0.10446,
1733985851778002432,-0.80169,3.25191,0.15672,0.34039,0.51975,-0.27720,0.73291,0.12545,0.75183,0.13619,
1733985851808213504,-0.80022,3.24598,0.15949,0.34008,0.52158,-0.27911,0.73102,0.11303,0.66782,0.10845,
1733985851845911552,-0.79307,3.27979,0.16314,0.33678,0.52315,-0.28018,0.73102,0.10683,0.65064,0.08250,
1733985851882855424,-0.79011,3.35513,0.16456,0.33373,0.52285,-0.27835,0.73333,0.09811,0.72979,0.06636,
1733985851948995584,-0.78571,3.39095,0.17031,0.33479,0.52091,-0.27840,0.73421,0.07044,0.75364,0.04467,
1733985852026046464,-0.78463,3.43552,0.16978,0.33748,0.51902,-0.28680,0.73108,0.03958,0.73087,-0.02980,
1733985852059534592,-0.78345,3.45986,0.16593,0.33654,0.51950,-0.28832,0.73057,0.04147,0.74228,-0.05177,
1733985852093889536,-0.78529,3.44971,0.16436,0.33575,0.52140,-0.29269,0.72784,0.03659,0.71703,-0.06368,
1733985852128690432,-0.78269,3.47509,0.16234,0.33543,0.52373,-0.29490,0.72542,0.03726,0.75114,-0.06480,
1733985852236569344,-0.78006,3.60589,0.15917,0.34187,0.52694,-0.30209,0.71708,0.00038,0.85882,-0.03266,
1733985852274777344,-0.78076,3.63528,0.16051,0.34519,0.52763,-0.30397,0.71418,0.00163,0.84388,0.03063,
1733985852308194304,-0.78003,3.70062,0.16033,0.34775,0.52693,-0.30264,0.71402,-0.00315,0.89807,0.07444,
1733985852381581568,-0.78251,3.76099,0.16793,0.35634,0.52349,-0.30511,0.71125,0.00480,0.86529,0.11918,
1733985852415315456,-0.79150,3.70305,0.17816,0.35893,0.52146,-0.30826,0.71009,0.02439,0.74820,0.13283,
1733985852451244544,-0.78121,3.78582,0.18201,0.35895,0.52148,-0.30753,0.71038,0.05279,0.82623,0.13301,
1733985852531382528,-0.77302,3.86600,0.18673,0.36395,0.52198,-0.30805,0.70723,0.09466,0.80525,0.03839,
1733985852563258368,-0.77014,3.88915,0.18693,0.36449,0.52183,-0.30946,0.70645,0.10907,0.80167,0.00475,
1733985852593569536,-0.76792,3.86369,0.18941,0.36409,0.52226,-0.31073,0.70578,0.13468,0.73101,-0.00664,
1733985852631064320,-0.76100,3.89262,0.19021,0.36316,0.52256,-0.31029,0.70623,0.16060,0.73211,-0.01886,
1733985852701067520,-0.74528,3.95794,0.18860,0.35901,0.52492,-0.30702,0.70804,0.21177,0.75317,-0.03200,
1733985852739527424,-0.73634,3.98561,0.18665,0.35529,0.52625,-0.30476,0.70989,0.22842,0.74484,-0.03939,
1733985852810549504,-0.71233,4.04715,0.18771,0.34853,0.52771,-0.29979,0.71427,0.26714,0.72980,-0.00259,
1733985852885242368,-0.69053,4.09734,0.18470,0.33882,0.53127,-0.29311,0.71906,0.28946,0.69860,0.06900,
1733985852914891520,-0.68046,4.10854,0.18470,0.33669,0.53278,-0.29040,0.72003,0.28120,0.67745,0.07474,
1733985852951060480,-0.67878,4.08201,0.19074,0.33504,0.53374,-0.29041,0.72010,0.24486,0.60360,0.08112,
1733985852988636416,-0.67259,4.10463,0.19408,0.33462,0.53261,-0.28992,0.72132,0.19707,0.61767,0.07623,
1733985853022211584,-0.67170,4.13231,0.19902,0.33808,0.52829,-0.28749,0.72385,0.15810,0.65519,0.09237,
1733985853093578496,-0.66694,4.17171,0.20491,0.34889,0.52099,-0.28434,0.72525,0.11265,0.64288,0.03922,
1733985853131882496,-0.65982,4.21026,0.20597,0.35136,0.51878,-0.28701,0.72459,0.09626,0.65080,0.00237,
1733985853241990656,-0.65412,4.26990,0.19709,0.35656,0.51045,-0.30058,0.72246,0.04936,0.68654,-0.06050,
1733985853273104384,-0.65440,4.29403,0.19160,0.36101,0.50894,-0.30275,0.72042,0.03575,0.71902,-0.06458,
1733985853343470592,-0.65241,4.33509,0.18625,0.37051,0.50635,-0.31031,0.71417,0.00125,0.72562,-0.07852,
1733985853381873664,-0.65053,4.37743,0.18161,0.37555,0.50340,-0.31579,0.71122,-0.01134,0.75280,-0.06310,
1733985853417641472,-0.65440,4.38883,0.18039,0.37862,0.50268,-0.31746,0.70936,-0.01499,0.74433,-0.03222,
1733985853488898560,-0.64942,4.45820,0.18009,0.38356,0.50244,-0.31604,0.70749,-0.01855,0.76975,0.05562,
1733985853525508352,-0.64347,4.49293,0.18095,0.38847,0.50359,-0.31535,0.70430,0.00632,0.77031,0.07946,
1733985853556658432,-0.64142,4.51138,0.18348,0.39180,0.50428,-0.31767,0.70091,0.02277,0.75642,0.08306,
1733985853630326528,-0.63906,4.56325,0.19249,0.40343,0.49882,-0.31658,0.69871,0.05586,0.72938,0.10774,
1733985853669828352,-0.63210,4.60733,0.19609,0.41004,0.49665,-0.31357,0.69777,0.06963,0.71105,0.07723,
1733985853703988480,-0.62925,4.63072,0.19882,0.41272,0.49592,-0.31501,0.69606,0.07318,0.66137,0.03141,
1733985853775274496,-0.61944,4.67490,0.19645,0.41432,0.49758,-0.32055,0.69137,0.11837,0.64458,-0.01740,
1733985853809337600,-0.61750,4.68954,0.19837,0.41527,0.49704,-0.32255,0.69026,0.12622,0.65483,-0.02725,
1733985853846612480,-0.61288,4.71987,0.19899,0.41762,0.49395,-0.32518,0.68983,0.14304,0.68154,-0.02577,
1733985853920571648,-0.61191,4.76888,0.19701,0.42580,0.48665,-0.33262,0.68646,0.13270,0.65742,-0.01663,
1733985853954287616,-0.61048,4.78922,0.19608,0.42880,0.48526,-0.33948,0.68221,0.12449,0.59253,-0.00299,
1733985854024050432,-0.59619,4.83463,0.19692,0.42642,0.48899,-0.34408,0.67872,0.16077,0.56983,0.05519,
1733985854059772416,-0.58352,4.85787,0.19734,0.42538,0.49196,-0.34219,0.67818,0.19121,0.59428,0.08473,
1733985854096297472,-0.57987,4.86150,0.20294,0.43163,0.49063,-0.34377,0.67439,0.18344,0.58213,0.09681,
1733985854129339392,-0.57984,4.87943,0.20744,0.43758,0.48829,-0.34672,0.67074,0.16755,0.58988,0.10258,
1733985854200084480,-0.56962,4.92645,0.21829,0.45504,0.47877,-0.34700,0.66581,0.17604,0.59577,0.11221,
1733985854235375360,-0.57091,4.95707,0.22296,0.46595,0.47223,-0.34914,0.66181,0.13631,0.59545,0.10045,
1733985854307497472,-0.55999,5.00406,0.22953,0.48151,0.46339,-0.36408,0.64873,0.11546,0.56425,0.07071,
1733985854380796416,-0.55452,5.04898,0.23279,0.50054,0.45162,-0.38405,0.63088,0.08315,0.58858,0.03316,
1733985854416542464,-0.55454,5.05751,0.23291,0.50967,0.44582,-0.39236,0.62252,0.07460,0.59403,0.02920,
1733985854489105408,-0.55574,5.07953,0.23520,0.53510,0.42974,-0.40698,0.60279,0.04041,0.56671,0.02353,
1733985854528064512,-0.54638,5.13527,0.23641,0.54989,0.41923,-0.41689,0.58997,0.01960,0.57053,0.00464,
1733985854559216384,-0.53667,5.16918,0.23772,0.55548,0.41578,-0.42108,0.58417,0.04471,0.58702,0.02158,
1733985854600311552,-0.54122,5.16328,0.24115,0.56675,0.41074,-0.42699,0.57252,0.05372,0.50252,0.06639,
1733985854628621568,-0.53666,5.19299,0.24034,0.57458,0.40839,-0.42983,0.56420,0.05859,0.51100,0.07484,
1733985854701709568,-0.52491,5.24090,0.25053,0.59689,0.39797,-0.43543,0.54382,0.08557,0.52629,0.09044,
1733985854739447552,-0.51539,5.26982,0.25817,0.61054,0.38867,-0.43847,0.53284,0.10715,0.49961,0.09697,
1733985854806927360,-0.49326,5.30070,0.27297,0.62670,0.37355,-0.44393,0.52022,0.17251,0.39907,0.10251,
1733985854846959616,-0.47126,5.32825,0.27119,0.63327,0.36776,-0.44494,0.51551,0.23689,0.37228,0.07926,
1733985854881441536,-0.45395,5.34840,0.25969,0.63661,0.36483,-0.44622,0.51237,0.27643,0.36825,0.03128,
1733985854947734528,-0.42845,5.38081,0.24749,0.64730,0.35439,-0.45358,0.49968,0.32786,0.33033,-0.02129,
1733985854986662400,-0.41322,5.39903,0.24179,0.65310,0.34898,-0.45678,0.49298,0.34206,0.31973,-0.04664,
1733985855020158464,-0.41457,5.38390,0.24069,0.65831,0.34287,-0.46110,0.48626,0.30777,0.25243,-0.04601,
1733985855093925376,-0.39596,5.39832,0.23922,0.67216,0.32747,-0.46488,0.47419,0.29690,0.20952,-0.02974,
1733985855129836544,-0.40228,5.38363,0.23755,0.67838,0.32043,-0.46716,0.46784,0.24415,0.14746,-0.01306,
1733985855205524480,-0.37806,5.40075,0.23448,0.68565,0.31693,-0.46893,0.45776,0.24063,0.07770,0.00104,
1733985855240061440,-0.36767,5.40703,0.23314,0.68884,0.31680,-0.47036,0.45155,0.24962,0.06619,0.00754,
1733985855306831616,-0.35490,5.40717,0.23636,0.69407,0.31624,-0.47542,0.43845,0.24249,0.05912,0.02436,
1733985855347093504,-0.34686,5.40700,0.24043,0.69752,0.31394,-0.47553,0.43448,0.23525,0.05599,0.03763,
1733985855384366592,-0.33721,5.41271,0.24204,0.70278,0.30716,-0.47774,0.42838,0.19968,0.07189,0.02307,
1733985855460044288,-0.32767,5.42101,0.23989,0.71030,0.29305,-0.48323,0.41963,0.15387,0.08156,-0.00437,
1733985855488335616,-0.32854,5.42079,0.23883,0.71329,0.28828,-0.48608,0.41453,0.15817,0.08152,-0.01880,
1733985855557933568,-0.30900,5.42853,0.23742,0.72147,0.27938,-0.49097,0.40046,0.22899,0.08758,0.00315,
1733985855595558400,-0.29743,5.43183,0.23666,0.72563,0.27696,-0.49178,0.39359,0.26763,0.09362,0.00072,
1733985855664560640,-0.27986,5.44195,0.23514,0.73741,0.26091,-0.49882,0.37327,0.24828,0.13657,-0.02219,
1733985855702287360,-0.26450,5.44834,0.23386,0.74133,0.25451,-0.50214,0.36539,0.27303,0.14453,-0.02510,
1733985855735614464,-0.25523,5.45293,0.23348,0.74690,0.24546,-0.50655,0.35398,0.27988,0.14488,-0.01838,
1733985855806035456,-0.23332,5.46071,0.23284,0.75601,0.23107,-0.51394,0.33305,0.29278,0.13914,-0.01341,
1733985855842869504,-0.22214,5.46253,0.23381,0.76219,0.22278,-0.51620,0.32091,0.30738,0.13231,-0.00117,
1733985855952199424,-0.18761,5.47250,0.23425,0.77750,0.20029,-0.52338,0.28538,0.29364,0.08322,0.00391,
1733985855990535424,-0.17243,5.46803,0.23292,0.78049,0.19712,-0.52588,0.27464,0.30637,0.02348,-0.01120,
1733985856024172544,-0.16081,5.46816,0.23221,0.78364,0.19128,-0.52945,0.26269,0.30299,0.01817,-0.02070,
1733985856058095360,-0.14960,5.46873,0.23279,0.78651,0.18721,-0.53066,0.25449,0.31282,0.01433,-0.01663,
1733985856130181632,-0.13005,5.46958,0.23434,0.79396,0.17258,-0.53418,0.23343,0.30761,-0.00181,0.00237,
1733985856164997632,-0.11884,5.46920,0.23602,0.79804,0.16500,-0.53527,0.22225,0.28271,-0.02070,0.01608,
1733985856200715520,-0.11489,5.46636,0.23671,0.80036,0.15968,-0.53664,0.21435,0.25909,-0.04604,0.01307,
1733985856270282496,-0.09754,5.46222,0.23644,0.80521,0.14608,-0.54034,0.19577,0.22513,-0.07856,0.00308,
1733985856313822464,-0.08923,5.45997,0.23618,0.80846,0.13482,-0.54325,0.18193,0.19644,-0.09582,0.01044,
1733985856347184384,-0.08158,5.46081,0.23509,0.81021,0.12754,-0.54547,0.17252,0.17516,-0.08896,0.00421,
1733985856381840384,-0.07724,5.45878,0.23514,0.81172,0.12227,-0.54673,0.16510,0.17796,-0.09770,0.00429,
1733985856483467520,-0.05823,5.44590,0.23687,0.81446,0.10911,-0.55125,0.14447,0.19395,-0.14816,0.01429,
1733985856524888576,-0.05097,5.44105,0.23770,0.81588,0.10189,-0.55279,0.13561,0.18376,-0.15021,0.00903,
1733985856558513408,-0.04440,5.43728,0.23748,0.81687,0.09743,-0.55355,0.12966,0.18673,-0.16265,0.00572,
1733985856630607616,-0.03048,5.42510,0.23673,0.81839,0.08826,-0.55580,0.11635,0.18581,-0.20204,-0.00660,
1733985856664922368,-0.02246,5.41753,0.23670,0.81936,0.08300,-0.55676,0.10854,0.19021,-0.21849,-0.00471,
1733985856700410624,-0.01911,5.41204,0.23712,0.81989,0.07950,-0.55757,0.10281,0.18693,-0.23038,0.00227,
1733985856771687424,-0.00579,5.39475,0.23825,0.82246,0.07040,-0.55714,0.09054,0.19194,-0.26062,0.00816,
1733985856809158656,-0.00207,5.38550,0.23832,0.82328,0.06471,-0.55785,0.08263,0.16208,-0.26404,0.00651,
1733985856844733440,0.00035,5.37723,0.23799,0.82409,0.05907,-0.55836,0.07499,0.12537,-0.25943,-0.00249,
1733985856916716544,0.00554,5.36240,0.23727,0.82458,0.05311,-0.55948,0.06507,0.11211,-0.27381,-0.00779,
1733985856952598528,0.00864,5.35171,0.23743,0.82505,0.04853,-0.55983,0.05945,0.10441,-0.26828,-0.00557,
1733985857021967360,0.01285,5.33697,0.23715,0.82573,0.04231,-0.55997,0.05301,0.09971,-0.27442,-0.01056,
1733985857059656448,0.01577,5.32675,0.23598,0.82582,0.03668,-0.56072,0.04767,0.08846,-0.26417,-0.00856,
1733985857093056512,0.01752,5.31948,0.23638,0.82598,0.03238,-0.56114,0.04269,0.08691,-0.23893,-0.00658,
1733985857168285696,0.02249,5.30265,0.23595,0.82636,0.02803,-0.56119,0.03763,0.09520,-0.21761,-0.00364,
1733985857202160640,0.02436,5.29643,0.23595,0.82660,0.02326,-0.56129,0.03397,0.09414,-0.18225,-0.01732,
1733985857236819456,0.02552,5.29008,0.23534,0.82649,0.02003,-0.56171,0.03157,0.09177,-0.18151,-0.02128,
1733985857308099584,0.03206,5.27417,0.23331,0.82619,0.01283,-0.56271,0.02477,0.12374,-0.20197,-0.02111,
1733985857347772672,0.03624,5.26877,0.23362,0.82650,0.00881,-0.56259,0.01762,0.15301,-0.20878,-0.01556,
1733985857450158592,0.05654,5.24044,0.23311,0.82881,0.00317,-0.55950,-0.00471,0.21142,-0.24597,-0.02966,
1733985857492634624,0.06857,5.22472,0.23484,0.83000,-0.00029,-0.55756,-0.01510,0.23777,-0.25372,-0.02606,
1733985857522857472,0.07306,5.21280,0.23505,0.83004,-0.00323,-0.55728,-0.02155,0.25124,-0.26739,-0.02655,
1733985857556696320,0.07912,5.19858,0.23402,0.83044,-0.00613,-0.55639,-0.02770,0.26736,-0.29257,-0.02872,
1733985857589284352,0.08756,5.18746,0.23359,0.83152,-0.00908,-0.55431,-0.03516,0.28809,-0.31863,-0.02569,
1733985857701992448,0.12111,5.14514,0.22853,0.83483,-0.02752,-0.54553,-0.06859,0.32441,-0.33255,-0.03445,
1733985857738586368,0.12984,5.13435,0.22587,0.83488,-0.03300,-0.54414,-0.07621,0.32423,-0.34607,-0.03453,
1733985857771646464,0.14181,5.11644,0.22305,0.83383,-0.04155,-0.54327,-0.08865,0.31683,-0.35572,-0.02970,
1733985857808008448,0.15189,5.10430,0.21960,0.83299,-0.04745,-0.54254,-0.09761,0.31124,-0.36319,-0.04079,
1733985857844807424,0.16312,5.09152,0.21713,0.83096,-0.05663,-0.54262,-0.10896,0.27795,-0.35307,-0.02651,
1733985857915013632,0.18156,5.06578,0.21499,0.82461,-0.07170,-0.54704,-0.12500,0.23198,-0.34004,-0.00377,
1733985857956007424,0.19083,5.04921,0.21534,0.82196,-0.07897,-0.54789,-0.13407,0.21527,-0.34789,0.00664,
1733985858023994368,0.20589,5.02402,0.21845,0.81596,-0.09638,-0.54784,-0.15746,0.18235,-0.34420,0.03023,
1733985858058557440,0.21092,5.01455,0.22178,0.81340,-0.10147,-0.54809,-0.16637,0.15763,-0.35393,0.04762,
1733985858130229504,0.21845,4.98778,0.22705,0.80784,-0.11226,-0.54905,-0.18260,0.10200,-0.39135,0.03371,
1733985858166309632,0.22364,4.96744,0.22984,0.80518,-0.12037,-0.54810,-0.19180,0.08928,-0.42271,0.02074,
1733985858235223552,0.22895,4.94015,0.23334,0.80116,-0.13426,-0.54374,-0.21086,0.06233,-0.45276,0.00792,
1733985858272140544,0.22889,4.92325,0.23531,0.79935,-0.13847,-0.54242,-0.21830,0.03988,-0.47609,0.00347,
1733985858343168512,0.22809,4.89068,0.23679,0.79713,-0.14423,-0.53790,-0.23334,-0.00101,-0.52061,-0.00270,
1733985858379477504,0.22663,4.86891,0.23740,0.79616,-0.14714,-0.53503,-0.24130,-0.02256,-0.52064,-0.00851,
1733985858418005504,0.22333,4.85883,0.23755,0.79517,-0.15086,-0.53265,-0.24744,-0.04658,-0.49067,-0.00576,
1733985858485795584,0.21966,4.81760,0.23439,0.79339,-0.15202,-0.53213,-0.25351,-0.09871,-0.50812,-0.01158,
1733985858527685376,0.21752,4.79082,0.23110,0.79305,-0.15282,-0.53143,-0.25554,-0.10585,-0.51941,-0.02601,
1733985858559095296,0.21677,4.78161,0.22929,0.79269,-0.15499,-0.53054,-0.25720,-0.10175,-0.50877,-0.02689,
1733985858627629568,0.20679,4.74421,0.23008,0.79444,-0.15865,-0.52647,-0.25791,-0.12419,-0.54257,-0.00061,
1733985858662843392,0.20248,4.72330,0.23107,0.79522,-0.16001,-0.52390,-0.25992,-0.12388,-0.53431,0.01574,
1733985858698873600,0.20014,4.70651,0.23011,0.79594,-0.15992,-0.52209,-0.26140,-0.12100,-0.52034,0.01779,
1733985858774048512,0.19067,4.66664,0.22904,0.79971,-0.15489,-0.51932,-0.25840,-0.10379,-0.42352,0.00010,
1733985858807737600,0.19061,4.65124,0.22515,0.80110,-0.15453,-0.51833,-0.25629,-0.07767,-0.38830,-0.03249,
1733985858848761600,0.19067,4.63840,0.22231,0.80288,-0.15691,-0.51682,-0.25231,-0.03017,-0.35951,-0.04916,
1733985858915575552,0.19530,4.62152,0.22334,0.80796,-0.15842,-0.50884,-0.25139,0.05606,-0.38661,-0.00906,
1733985858952992512,0.19468,4.60988,0.22310,0.80873,-0.15682,-0.50645,-0.25468,0.05365,-0.37123,-0.00772,
1733985859021073664,0.19537,4.58029,0.22015,0.80937,-0.15084,-0.50661,-0.25594,0.06585,-0.33447,-0.03234,
1733985859058673408,0.19301,4.55211,0.21108,0.80936,-0.14752,-0.50783,-0.25551,0.06761,-0.37710,-0.06680,
1733985859094105600,0.19688,4.53800,0.20661,0.80924,-0.14857,-0.50752,-0.25590,0.10887,-0.36590,-0.08828,
1733985859198830592,0.20812,4.50454,0.20099,0.80744,-0.15560,-0.50788,-0.25667,0.14772,-0.35504,-0.07634,
1733985859238775552,0.21234,4.49488,0.19897,0.80620,-0.15979,-0.50836,-0.25704,0.16287,-0.33278,-0.06822,
1733985859276962560,0.21808,4.48284,0.19856,0.80520,-0.16477,-0.50720,-0.25932,0.18493,-0.32313,-0.05333,
1733985859345216512,0.22895,4.45456,0.19939,0.80676,-0.16644,-0.50332,-0.26098,0.17356,-0.34335,0.01499,
1733985859379532544,0.22910,4.45244,0.20381,0.80632,-0.16800,-0.50229,-0.26330,0.15002,-0.32089,0.02494,
1733985859414975488,0.23110,4.43416,0.20395,0.80331,-0.17298,-0.50346,-0.26701,0.11011,-0.28800,0.02614,
1733985859489433600,0.23558,4.40709,0.20407,0.80103,-0.17473,-0.50676,-0.26648,0.05672,-0.31814,0.01099,
1733985859526356480,0.23626,4.39408,0.20730,0.80118,-0.17517,-0.50553,-0.26809,0.04289,-0.34025,0.01714,
1733985859596367616,0.23806,4.36786,0.21013,0.79984,-0.17719,-0.50253,-0.27625,0.00250,-0.33783,0.01901,
1733985859629477376,0.23829,4.35414,0.20918,0.79842,-0.17663,-0.50392,-0.27820,-0.01471,-0.35507,0.01188,
1733985859665896448,0.23697,4.34478,0.21259,0.79792,-0.17454,-0.50538,-0.27829,-0.02757,-0.36836,0.00395,
1733985859736510464,0.23433,4.32068,0.21634,0.79761,-0.17379,-0.50652,-0.27758,-0.03282,-0.36533,-0.01053,
1733985859772890624,0.23245,4.28561,0.21768,0.79895,-0.17271,-0.50474,-0.27766,-0.04108,-0.38245,-0.00785,
1733985859806394624,0.23009,4.27687,0.21768,0.79982,-0.17161,-0.50450,-0.27628,-0.05565,-0.36629,-0.00838,
1733985859877243392,0.22375,4.25258,0.21402,0.80206,-0.16560,-0.50659,-0.26952,-0.10051,-0.32689,-0.00885,
1733985859950232576,0.21782,4.23589,0.21406,0.80483,-0.15938,-0.50942,-0.25950,-0.09199,-0.31759,0.00854,
1733985859987015424,0.21525,4.26199,0.22118,0.80750,-0.15611,-0.50835,-0.25527,-0.06504,-0.24292,0.03776,
1733985860022362368,0.21351,4.25609,0.22143,0.80848,-0.15432,-0.50855,-0.25284,-0.04998,-0.21165,0.04199,
1733985860055854592,0.21354,4.24893,0.22159,0.80981,-0.15152,-0.50823,-0.25091,-0.04484,-0.19088,0.04437,
1733985860133213440,0.21018,4.23329,0.22211,0.81394,-0.14656,-0.50851,-0.23966,-0.03771,-0.10750,0.00637,
1733985860164721408,0.21117,4.23459,0.22161,0.81566,-0.14680,-0.50723,-0.23634,-0.02091,-0.08839,0.00602,
1733985860235732480,0.21054,4.22825,0.22066,0.81883,-0.14561,-0.50499,-0.23086,-0.02147,-0.07688,0.00607,
1733985860272005632,0.20957,4.22400,0.21711,0.81922,-0.14374,-0.50587,-0.22874,-0.03645,-0.07230,0.00024,
1733985860344900608,0.20789,4.20981,0.21566,0.82050,-0.13744,-0.50734,-0.22473,-0.03331,-0.08292,-0.01768,
1733985860380455424,0.20762,4.20669,0.21647,0.82093,-0.13656,-0.50711,-0.22419,-0.02884,-0.08294,-0.01978,
1733985860415202560,0.20692,4.20063,0.21697,0.82195,-0.13463,-0.50643,-0.22318,-0.02913,-0.09742,-0.01899,
1733985860485026560,0.20551,4.18941,0.21636,0.82309,-0.13036,-0.50514,-0.22441,-0.04370,-0.13609,-0.01182,
1733985860522032384,0.20489,4.18287,0.21628,0.82356,-0.12834,-0.50446,-0.22539,-0.05004,-0.15129,-0.01426,
1733985860591837440,0.20119,4.16904,0.21657,0.82375,-0.12483,-0.50306,-0.22973,-0.07285,-0.16628,-0.01438,
1733985860628406528,0.20023,4.16389,0.21657,0.82355,-0.12418,-0.50273,-0.23152,-0.07957,-0.17860,-0.01736,
1733985860665011456,0.19905,4.14244,0.21604,0.82356,-0.12412,-0.50141,-0.23439,-0.07795,-0.19401,-0.01335,
1733985860699215360,0.19697,4.13572,0.21622,0.82334,-0.12409,-0.50099,-0.23608,-0.08104,-0.20160,-0.01339,
1733985860770998528,0.19106,4.12120,0.21537,0.82234,-0.12436,-0.50098,-0.23938,-0.08841,-0.20096,-0.01981,
1733985860812417536,0.18780,4.11339,0.21598,0.82205,-0.12547,-0.50021,-0.24140,-0.08397,-0.18813,-0.01499,
1733985860881854464,0.18616,4.13057,0.21893,0.82136,-0.12521,-0.50008,-0.24415,-0.08149,-0.17784,-0.00581,
1733985860916910336,0.18248,4.12651,0.21878,0.82085,-0.12524,-0.50029,-0.24543,-0.08220,-0.17592,-0.00401,
1733985861021338368,0.17185,4.09955,0.21629,0.81787,-0.13136,-0.50105,-0.25057,-0.05300,-0.18608,-0.01078,
1733985861062288640,0.17225,4.09564,0.21667,0.81652,-0.13477,-0.49967,-0.25587,-0.02501,-0.21778,0.00929,
1733985861128305408,0.16457,4.07045,0.21884,0.81394,-0.13777,-0.49685,-0.26769,-0.01653,-0.27396,0.02245,
1733985861165046528,0.16270,4.05476,0.21909,0.81247,-0.13974,-0.49531,-0.27393,-0.01420,-0.28693,0.01463,
1733985861234935552,0.16309,4.03668,0.21928,0.81058,-0.14289,-0.49206,-0.28358,0.01496,-0.32488,0.00482,
1733985861271404544,0.16321,4.02378,0.21974,0.80999,-0.14443,-0.48940,-0.28905,0.02395,-0.35586,0.00456,
1733985861307078656,0.16045,4.00808,0.21845,0.80894,-0.14683,-0.48639,-0.29579,0.01988,-0.37472,0.00524,
1733985861380960512,0.16124,3.97985,0.21619,0.80626,-0.15017,-0.48229,-0.30787,0.01180,-0.40347,-0.00866,
1733985861411978496,0.16087,3.96623,0.21456,0.80389,-0.15469,-0.48079,-0.31411,0.01114,-0.39723,-0.02599,
1733985861488574464,0.16577,3.93991,0.21210,0.80022,-0.16419,-0.47741,-0.32369,0.02986,-0.42875,-0.04114,
1733985861520068352,0.16559,3.92732,0.21071,0.79821,-0.16771,-0.47657,-0.32806,0.02672,-0.44953,-0.03947,
1733985861558000640,0.16715,3.90729,0.20890,0.79519,-0.17294,-0.47536,-0.33435,0.03678,-0.46630,-0.04858,
1733985861626638336,0.16860,3.87493,0.20560,0.79082,-0.18193,-0.47433,-0.34134,0.04363,-0.50011,-0.04710,
1733985861672515328,0.16924,3.84935,0.20437,0.78787,-0.18695,-0.47341,-0.34669,0.04150,-0.51243,-0.02917,
1733985861700612608,0.16825,3.83734,0.20430,0.78572,-0.18883,-0.47420,-0.34946,0.02654,-0.51026,-0.00860,
1733985861770691328,0.16789,3.80080,0.20540,0.78155,-0.19133,-0.47378,-0.35792,0.01743,-0.54247,0.00813,
1733985861812414464,0.17076,3.77566,0.20585,0.77690,-0.19801,-0.47236,-0.36620,-0.00037,-0.51297,0.01159,
1733985861844497408,0.16843,3.76252,0.20815,0.77485,-0.20008,-0.47222,-0.36957,-0.02805,-0.50037,0.02253,
1733985861917165568,0.16212,3.72359,0.21076,0.77076,-0.20305,-0.47181,-0.37696,-0.07216,-0.52544,0.01900,
1733985861952054528,0.15698,3.70811,0.21376,0.76819,-0.20622,-0.47098,-0.38150,-0.09810,-0.51389,0.01704,
1733985861998333440,0.15045,3.68823,0.21503,0.76516,-0.20952,-0.47140,-0.38524,-0.12078,-0.51633,0.00370,
1733985862025712384,0.14719,3.67236,0.21474,0.76353,-0.21103,-0.47114,-0.38797,-0.13334,-0.52791,-0.01093,
1733985862089723648,0.13724,3.64423,0.21557,0.76137,-0.21269,-0.47113,-0.39131,-0.16275,-0.55555,-0.02878,
1733985862129969664,0.12678,3.62431,0.21860,0.76081,-0.21311,-0.47071,-0.39267,-0.19253,-0.56158,-0.02087,
1733985862199977472,0.10901,3.58675,0.22056,0.76117,-0.21350,-0.47069,-0.39178,-0.22994,-0.55166,-0.00138,
1733985862236485376,0.10062,3.56605,0.21891,0.76140,-0.21334,-0.47136,-0.39061,-0.24509,-0.52742,0.01515,
1733985862308178432,0.08104,3.53020,0.22221,0.76322,-0.21259,-0.47324,-0.38516,-0.24385,-0.53666,0.05702,
1733985862350322432,0.07028,3.50967,0.22662,0.76460,-0.20980,-0.47260,-0.38473,-0.23503,-0.54667,0.09994,
1733985862414877440,0.05496,3.47339,0.23024,0.76633,-0.20496,-0.47557,-0.38020,-0.19555,-0.44567,0.07708,
1733985862451994368,0.04994,3.45799,0.23129,0.76876,-0.20695,-0.47686,-0.37254,-0.14853,-0.39886,0.04058,
1733985862522597632,0.04092,3.43895,0.23691,0.77154,-0.21208,-0.47765,-0.36276,-0.11006,-0.43145,0.04140,
1733985862558586624,0.03545,3.42571,0.23938,0.77265,-0.21200,-0.47638,-0.36211,-0.10502,-0.46711,0.04947,
1733985862593155328,0.03160,3.42243,0.24067,0.77185,-0.21136,-0.47626,-0.36435,-0.09927,-0.45193,0.04524,
1733985862667394304,0.02646,3.38259,0.23829,0.77153,-0.20880,-0.47934,-0.36246,-0.05743,-0.45859,-0.01160,
1733985862700381440,0.02272,3.37242,0.23770,0.77103,-0.20950,-0.48038,-0.36173,-0.04445,-0.46928,-0.02983,
1733985862736205568,0.02432,3.36411,0.24027,0.77042,-0.21232,-0.48023,-0.36160,-0.01501,-0.48192,-0.03607,
1733985862805869568,0.02573,3.33052,0.23717,0.76735,-0.21684,-0.48183,-0.36330,0.01167,-0.53762,-0.04198,
1733985862842700544,0.02898,3.30857,0.23326,0.76456,-0.22199,-0.48271,-0.36490,0.02873,-0.56108,-0.04411,
1733985862878818560,0.02962,3.29759,0.23378,0.76244,-0.22598,-0.48290,-0.36663,0.04323,-0.57202,-0.03615,
1733985862948621568,0.03214,3.25102,0.23260,0.75557,-0.23460,-0.48448,-0.37331,0.05285,-0.58985,0.01405,
1733985862987453440,0.03316,3.22767,0.23396,0.75287,-0.23751,-0.48599,-0.37496,0.06482,-0.60574,0.03954,
1733985863094780416,0.03868,3.16090,0.24133,0.74416,-0.24852,-0.48694,-0.38387,0.08177,-0.57218,0.05010,
1733985863130103552,0.03800,3.14197,0.24277,0.74358,-0.25014,-0.48797,-0.38262,0.05900,-0.58601,0.05629,
1733985863162563584,0.03887,3.12131,0.24660,0.74453,-0.24814,-0.48752,-0.38267,0.03864,-0.61955,0.05931,
1733985863198130688,0.03957,3.10818,0.25488,0.74525,-0.24582,-0.48579,-0.38493,0.03479,-0.61953,0.05548,
1733985863271404544,0.03478,3.06154,0.25802,0.74432,-0.24430,-0.48693,-0.38628,-0.04176,-0.61992,0.00325,
1733985863311920384,0.02760,3.03512,0.25459,0.74371,-0.24097,-0.49099,-0.38440,-0.09937,-0.64916,-0.01817,
1733985863341575424,0.02133,3.01172,0.25458,0.74373,-0.23907,-0.49330,-0.38258,-0.12055,-0.68264,-0.03633,
1733985863378905600,0.02096,2.99354,0.25934,0.74409,-0.23814,-0.49394,-0.38163,-0.12525,-0.71218,-0.03410,
1733985863452651520,0.01652,2.94487,0.26622,0.74525,-0.23637,-0.49317,-0.38146,-0.14173,-0.73150,-0.00876,
1733985863487141632,0.00735,2.90811,0.26799,0.74643,-0.23470,-0.49304,-0.38035,-0.15919,-0.72526,0.01613,
1733985863555659520,-0.00901,2.86219,0.26196,0.74810,-0.23133,-0.49738,-0.37344,-0.21336,-0.69871,0.07150,
1733985863596762368,-0.14436,-0.29488,-0.03224,0.73836,-0.24006,-0.49535,-0.38965,-0.27658,-0.70176,0.10689,
1733985863662671616,-0.15040,-0.30998,-0.02446,0.73772,-0.23456,-0.50075,-0.38730,-0.22396,-0.62908,0.09942,
1733985863702163456,-0.15004,-0.32699,-0.02137,0.73854,-0.23532,-0.50207,-0.38354,-0.16690,-0.58809,0.06831,
1733985863771404544,-0.15550,-0.37513,-0.01535,0.74244,-0.23273,-0.50000,-0.38028,-0.11239,-0.64741,0.05575,
1733985863845782528,-0.15016,-0.40055,-0.00741,0.74256,-0.23575,-0.49443,-0.38544,-0.04958,-0.62336,0.02979,
1733985863878973440,-0.15462,-0.44601,-0.01063,0.74153,-0.23829,-0.49381,-0.38665,-0.02907,-0.64019,0.00187,
1733985863913164544,-0.16054,-0.47589,-0.01564,0.74091,-0.24103,-0.49471,-0.38498,-0.02923,-0.64967,-0.02994,
1733985863987554560,-0.15451,-0.51288,-0.02223,0.73674,-0.25170,-0.49349,-0.38772,0.01706,-0.69695,-0.04599,
1733985864020012544,-0.15412,-0.53371,-0.02184,0.73377,-0.25590,-0.49325,-0.39090,0.02066,-0.71540,-0.02949,
1733985864057842432,-0.15407,-0.56167,-0.02438,0.72911,-0.26089,-0.49352,-0.39595,0.02824,-0.72116,-0.02623,
1733985864128437504,-0.15301,-0.60015,-0.02344,0.72226,-0.27063,-0.49400,-0.40133,0.03511,-0.69393,0.00160,
1733985864166325504,-0.16029,-0.66348,-0.02653,0.71890,-0.27388,-0.49524,-0.40362,-0.00000,-0.73611,0.04905,
1733985864201972480,-0.16472,-0.68936,-0.02512,0.71594,-0.27432,-0.49859,-0.40445,-0.02400,-0.75999,0.08227,
1733985864235225344,-0.16824,-0.70191,-0.01987,0.71315,-0.27541,-0.49997,-0.40694,-0.03815,-0.75499,0.10058,
1733985864347312384,-0.17455,-0.76748,-0.00248,0.70959,-0.27805,-0.49492,-0.41741,-0.06985,-0.71065,0.10009,
1733985864379091456,-0.17822,-0.78697,0.00190,0.70883,-0.27652,-0.49546,-0.41907,-0.09081,-0.68984,0.08865,
1733985864413091328,-0.18668,-0.83384,0.00317,0.70811,-0.27464,-0.49924,-0.41703,-0.11671,-0.68457,0.04555,
1733985864485846528,-0.19844,-0.88729,-0.00078,0.70746,-0.27198,-0.50846,-0.40865,-0.15637,-0.70472,-0.01944,
1733985864522511360,-0.20338,-0.89296,0.00073,0.70812,-0.26961,-0.51170,-0.40502,-0.16871,-0.69669,-0.04255,
1733985864592156416,-0.21349,-0.93026,0.00367,0.71183,-0.26562,-0.51222,-0.40048,-0.18849,-0.70703,-0.03273,
1733985864635349504,-0.22220,-0.96686,0.00154,0.71616,-0.26119,-0.51327,-0.39427,-0.19533,-0.69095,-0.02998,
1733985864664454400,-0.22625,-0.97016,0.01036,0.71869,-0.25971,-0.51362,-0.39017,-0.19257,-0.62331,0.01203,
1733985864734987520,-0.24033,-1.01748,0.00649,0.72632,-0.24968,-0.51874,-0.37555,-0.22670,-0.60477,0.06513,
1733985864777121536,-0.19315,-0.21333,-0.02132,0.74049,-0.22526,-0.53108,-0.34480,-0.20610,-0.62373,0.08459,
1733985864843672576,-0.20483,-0.23524,-0.01526,0.74469,-0.21558,-0.53675,-0.33296,-0.15454,-0.56192,0.07124,
1733985864879853568,-0.20566,-0.24281,-0.01026,0.74693,-0.21362,-0.53683,-0.32904,-0.11658,-0.53756,0.07481,
1733985864914634496,-0.20823,-0.25281,-0.00525,0.75050,-0.20953,-0.53499,-0.32654,-0.08189,-0.52159,0.07486,
1733985864987790592,-0.21451,-0.28741,-0.00357,0.75514,-0.20112,-0.53461,-0.32173,-0.07184,-0.51002,0.01578,
1733985865020703488,-0.21741,-0.30239,-0.00515,0.75675,-0.19914,-0.53565,-0.31740,-0.06200,-0.51363,-0.01556,
1733985865056978432,-0.21649,-0.30284,-0.00653,0.75734,-0.19912,-0.53723,-0.31331,-0.03326,-0.50850,-0.04557,
1733985865129947392,-0.21756,-0.33593,-0.01082,0.75801,-0.20002,-0.53881,-0.30838,0.00672,-0.54680,-0.06781,
1733985865199541504,-0.21636,-0.37563,-0.01562,0.75695,-0.20134,-0.54083,-0.30659,0.03771,-0.58681,-0.06032,
1733985865236309504,-0.21242,-0.37777,-0.01706,0.75585,-0.20560,-0.54122,-0.30579,0.06547,-0.56683,-0.07214,
1733985865272139520,-0.21928,-0.44262,-0.02106,0.75602,-0.21018,-0.53965,-0.30503,0.08131,-0.62253,-0.06411,
1733985865304921344,-0.21486,-0.45867,-0.02315,0.75507,-0.21345,-0.53938,-0.30557,0.08393,-0.63641,-0.03299,
1733985865378280448,-0.19811,-0.43807,-0.01940,0.75355,-0.21502,-0.54050,-0.30626,0.07746,-0.58904,0.06454,
1733985865418566400,-0.19769,-0.46475,-0.01502,0.75317,-0.21775,-0.53852,-0.30873,0.07956,-0.60276,0.07510,
1733985865446874624,-0.19576,-0.47318,-0.01224,0.75383,-0.21973,-0.53616,-0.30981,0.06711,-0.60027,0.08687,
1733985865523870464,-0.19412,-0.52510,-0.00411,0.75743,-0.21306,-0.52862,-0.31854,0.01176,-0.56501,0.06323,
1733985865562454528,-0.20474,-0.60483,-0.00523,0.75674,-0.21231,-0.52988,-0.31859,-0.00676,-0.60413,0.01082,
1733985865597543424,-0.20117,-0.59290,-0.01045,0.75705,-0.21002,-0.53313,-0.31392,-0.03051,-0.56448,-0.03497,
1733985865664083456,-0.20374,-0.62733,-0.01287,0.75765,-0.20849,-0.53597,-0.30860,-0.04598,-0.57820,-0.07098,
1733985865702629632,-0.20649,-0.65141,-0.01480,0.75901,-0.20692,-0.53648,-0.30541,-0.07292,-0.59523,-0.06315,
1733985865770946560,-0.21100,-0.68455,-0.01695,0.75977,-0.20475,-0.53852,-0.30137,-0.09768,-0.56826,-0.04397,
1733985865809439488,-0.21531,-0.71786,-0.01746,0.76075,-0.20391,-0.53902,-0.29855,-0.10505,-0.58394,-0.02933,
1733985865844368384,-0.21987,-0.74045,-0.01718,0.76264,-0.20172,-0.53980,-0.29377,-0.12682,-0.58876,0.02008,
1733985865912446464,-0.22996,-0.77775,-0.01277,0.76544,-0.18985,-0.54353,-0.28745,-0.14575,-0.58562,0.10205,
1733985865949249536,-0.23388,-0.79092,-0.01096,0.76489,-0.18759,-0.54557,-0.28654,-0.12676,-0.54484,0.08536,
1733985866019597568,-0.23935,-0.82379,-0.00586,0.76667,-0.18873,-0.54577,-0.28060,-0.05844,-0.48786,0.06592,
1733985866058551552,-0.24243,-0.84011,-0.00039,0.76842,-0.18684,-0.54439,-0.27974,-0.03252,-0.49304,0.07912,
1733985866128560640,-0.24309,-0.87102,0.00236,0.76849,-0.18873,-0.54353,-0.27997,0.00800,-0.47354,0.02229,
1733985866169349376,-0.24080,-0.88936,-0.00058,0.76826,-0.19146,-0.54395,-0.27791,0.03391,-0.47471,-0.02728,
1733985866199918592,-0.23622,-0.90167,-0.00382,0.76857,-0.19195,-0.54390,-0.27684,0.05896,-0.50244,-0.06356,
1733985866270554624,-0.23055,-0.94084,-0.00832,0.76682,-0.19911,-0.54442,-0.27560,0.11037,-0.54608,-0.09371,
1733985866311469568,-0.22731,-0.98652,-0.01142,0.76459,-0.20417,-0.54364,-0.27960,0.14916,-0.57589,-0.07572,
1733985866414705408,-0.20730,-1.04273,-0.01710,0.76144,-0.20982,-0.54224,-0.28665,0.17137,-0.55046,0.01257,
1733985866450160384,-0.20717,-1.07106,-0.01629,0.76084,-0.20789,-0.54428,-0.28577,0.14549,-0.56707,0.05744,
1733985866486211584,-0.19622,-1.04340,-0.01185,0.75953,-0.20744,-0.54685,-0.28468,0.12773,-0.51272,0.07731,
1733985866557322496,-0.18715,-1.07621,-0.00324,0.75929,-0.20981,-0.54446,-0.28815,0.11542,-0.53058,0.11113,
1733985866591975424,-0.19459,-1.14894,0.00413,0.76133,-0.20647,-0.54045,-0.29267,0.07632,-0.57569,0.10774,
1733985866629783296,-0.19440,-1.16521,0.00680,0.76081,-0.20609,-0.54000,-0.29513,0.04794,-0.54887,0.08139,
1733985866662796544,-0.19370,-1.18435,0.00740,0.75988,-0.20727,-0.53982,-0.29699,0.02263,-0.52815,0.03479,
1733985866734223616,-0.19536,-1.22594,0.00441,0.75608,-0.20884,-0.54549,-0.29523,-0.04445,-0.56412,-0.03177,
1733985866774112512,-0.19609,-1.24372,0.00405,0.75524,-0.20951,-0.54618,-0.29565,-0.05297,-0.59146,-0.04533,
1733985866842157568,-0.19916,-1.28966,0.00489,0.75482,-0.20947,-0.54346,-0.30168,-0.08536,-0.60781,-0.02759,
1733985866880602624,-0.19775,-1.30421,0.00883,0.75418,-0.21029,-0.54282,-0.30386,-0.08950,-0.58063,-0.01492,
1733985866949573632,-0.20306,-1.35388,0.00754,0.75304,-0.21249,-0.54441,-0.30231,-0.12636,-0.56438,0.00958,
1733985866986916608,-0.20876,-1.37634,0.00439,0.75278,-0.21073,-0.54664,-0.30017,-0.16361,-0.57368,0.05746,
1733985867020184576,-0.20992,-1.39188,0.00369,0.75291,-0.20677,-0.54897,-0.29833,-0.16531,-0.59286,0.08684,
1733985867091976448,-0.22122,-1.42868,0.01287,0.75053,-0.20530,-0.55083,-0.30191,-0.12053,-0.55102,0.08547,
1733985867131942400,-0.22011,-1.45528,0.01525,0.74999,-0.20961,-0.54858,-0.30437,-0.07687,-0.53124,0.07790,
1733985867199351552,-0.22453,-1.48954,0.02378,0.75090,-0.21335,-0.54158,-0.31196,-0.06288,-0.53738,0.07959,
1733985867234992384,-0.22053,-1.51101,0.02288,0.74824,-0.21871,-0.53854,-0.31982,-0.04382,-0.52560,0.05055,
1733985867307205376,-0.22164,-1.52820,0.02375,0.74254,-0.22625,-0.53772,-0.32909,-0.04336,-0.49556,-0.00375,
1733985867343198464,-0.22184,-1.58398,0.01938,0.74011,-0.23099,-0.53603,-0.33399,-0.01486,-0.55267,-0.04569,
1733985867379946496,-0.21887,-1.59412,0.01672,0.73781,-0.23606,-0.53379,-0.33909,0.00793,-0.57158,-0.06146,
1733985867449940480,-0.21123,-1.61024,0.01653,0.73132,-0.24901,-0.52575,-0.35603,0.04450,-0.59152,-0.04942,
1733985867490608384,-0.21360,-1.68123,0.01600,0.72721,-0.25615,-0.51863,-0.36955,0.05983,-0.66874,-0.04178,
1733985867520978432,-0.20613,-1.67952,0.01353,0.72237,-0.26291,-0.51566,-0.37836,0.06202,-0.60226,-0.02533,
1733985867595762432,-0.20550,-1.72790,0.01260,0.71218,-0.27275,-0.51514,-0.39121,0.01907,-0.55436,0.05500,
1733985867630795520,-0.21031,-1.75897,0.01283,0.71003,-0.27187,-0.51534,-0.39543,-0.00797,-0.58490,0.08294,
1733985867668429568,-0.21314,-1.79215,0.01118,0.70037,-0.27838,-0.51416,-0.40941,-0.02876,-0.55490,0.06446,
1733985867701220608,-0.21501,-1.81082,0.00974,0.69418,-0.28563,-0.51252,-0.41697,-0.04440,-0.52698,0.04405,
1733985867772487424,-0.21833,-1.84244,0.01334,0.68621,-0.29451,-0.50722,-0.43024,-0.08969,-0.49470,0.03663,
1733985867772487424,-0.27597,-2.24193,0.04817,0.67945,-0.30232,-0.50031,-0.44345,-0.11279,-0.50672,0.01949,
1733985867811359488,-0.27597,-2.24193,0.04817,0.67945,-0.30232,-0.50031,-0.44345,-0.11279,-0.50672,0.01949,
1733985867876272384,-0.28364,-2.27309,0.05220,0.67349,-0.30976,-0.49144,-0.45711,-0.15561,-0.50628,0.01553,
1733985867913893376,-0.28920,-2.29720,0.05388,0.66959,-0.31480,-0.48429,-0.46693,-0.17624,-0.50284,0.00518,
1733985867984589568,-0.30369,-2.34160,0.05314,0.66397,-0.32159,-0.47123,-0.48338,-0.23816,-0.49106,0.00321,
1733985868024867584,-0.31001,-2.35553,0.05268,0.66064,-0.32464,-0.46408,-0.49274,-0.24882,-0.43491,0.00216,
1733985868090893568,-0.32098,-2.36616,0.05099,0.65281,-0.33126,-0.45664,-0.50555,-0.25697,-0.31483,-0.00394,
1733985868127608576,-0.33408,-2.38362,0.04855,0.64676,-0.33881,-0.45398,-0.51070,-0.27097,-0.27132,-0.00649,
1733985868162425600,-0.34564,-2.39851,0.04536,0.64405,-0.34310,-0.45164,-0.51333,-0.29625,-0.27317,-0.00089,
1733985868200764416,-0.35402,-2.40512,0.04522,0.63717,-0.34892,-0.44736,-0.52167,-0.30098,-0.26033,0.04283,
1733985868270186496,-0.37037,-2.42813,0.04787,0.62666,-0.35223,-0.44466,-0.53434,-0.28927,-0.26537,0.05360,
1733985868307332608,-0.38096,-2.44751,0.04875,0.62015,-0.35648,-0.44087,-0.54218,-0.25878,-0.25757,0.03756,
1733985868377033472,-0.39179,-2.46848,0.04985,0.60822,-0.36878,-0.43083,-0.55538,-0.24680,-0.26648,0.03322,
1733985868417946624,-0.39968,-2.48538,0.05011,0.59855,-0.37491,-0.42468,-0.56641,-0.24769,-0.27042,0.04594,
1733985868492141568,-0.41615,-2.51055,0.04950,0.58140,-0.38608,-0.41635,-0.58273,-0.21098,-0.25165,0.00071,
1733985868521765376,-0.42230,-2.51931,0.04799,0.57748,-0.38874,-0.41441,-0.58623,-0.21830,-0.26441,-0.00471,
1733985868561103616,-0.43010,-2.53100,0.04767,0.56658,-0.39543,-0.40744,-0.59718,-0.21998,-0.28477,-0.00903,
1733985868633867520,-0.44916,-2.55317,0.04980,0.55162,-0.40299,-0.39766,-0.61252,-0.22434,-0.30628,-0.00594,
1733985868700184576,-0.46763,-2.57757,0.04870,0.54126,-0.40925,-0.38825,-0.62355,-0.24408,-0.34180,-0.01602,
1733985868739086336,-0.48372,-2.59459,0.04856,0.53300,-0.41352,-0.38081,-0.63237,-0.27259,-0.36525,-0.01646,
1733985868772011520,-0.49465,-2.60772,0.04704,0.52282,-0.41875,-0.37301,-0.64200,-0.28457,-0.36269,-0.01960,
1733985868806203648,-0.50518,-2.61946,0.04521,0.51556,-0.42218,-0.36842,-0.64826,-0.30458,-0.36876,-0.02330,
1733985868920736512,-0.54567,-2.65992,0.04287,-0.48354,0.43579,0.35091,0.67315,-0.31997,-0.34235,-0.01322,
1733985868950401536,-0.55333,-2.66515,0.04189,-0.47871,0.43771,0.34797,0.67688,-0.31788,-0.33383,-0.02094,
1733985869020951552,-0.57667,-2.68558,0.04141,-0.45908,0.44830,0.33068,0.69204,-0.29415,-0.29346,-0.03071,
1733985869054513408,-0.58625,-2.69145,0.04174,-0.45184,0.45172,0.32494,0.69729,-0.30500,-0.26324,-0.01922,
1733985869129141504,-0.61443,-2.70918,0.04031,-0.43284,0.45740,0.31565,0.70979,-0.33388,-0.20858,-0.00995,
1733985869164482560,-0.62685,-2.71219,0.04039,-0.42096,0.46057,0.31142,0.71672,-0.33055,-0.16940,-0.00419,
1733985869199241472,-0.63465,-2.71277,0.04147,-0.41251,0.46312,0.30806,0.72142,-0.32102,-0.14020,0.00047,
1733985869269186560,-0.66158,-2.72562,0.04139,-0.39520,0.46928,0.29607,0.73208,-0.30593,-0.11714,-0.00248,
1733985869309118464,-0.67639,-2.73166,0.04148,-0.38610,0.47405,0.28697,0.73746,-0.30289,-0.09895,-0.00302,
1733985869381222400,-0.68719,-2.73164,0.04281,-0.36939,0.48161,0.26858,0.74798,-0.29654,-0.05042,-0.00392,
1733985869418045440,-0.69781,-2.73558,0.04243,-0.35754,0.48541,0.25706,0.75529,-0.29474,-0.02722,-0.00175,
1733985869486979584,-0.71482,-2.73682,0.04152,-0.33597,0.49100,0.24245,0.76633,-0.29228,0.02464,-0.00163,
1733985869519994624,-0.73043,-2.74071,0.03916,-0.32710,0.49254,0.23740,0.77075,-0.30645,0.03222,-0.01063,
1733985869557542656,-0.73948,-2.74005,0.03820,-0.31517,0.49524,0.22895,0.77653,-0.29807,0.04214,-0.01796,
1733985869629868544,-0.76346,-2.73867,0.03691,-0.29672,0.49892,0.21333,0.78582,-0.31499,0.07571,-0.01086,
1733985869664577536,-0.78005,-2.73681,0.03600,-0.28643,0.50084,0.20548,0.79050,-0.32616,0.10497,-0.00551,
1733985869698945536,-0.79065,-2.73528,0.03474,-0.27861,0.50169,0.20130,0.79383,-0.34082,0.12674,-0.00379,
1733985869733618432,-0.80779,-2.73136,0.03286,-0.26775,0.50330,0.19574,0.79792,-0.35355,0.15534,-0.01383,
1733985869807311616,-0.83528,-2.71999,0.03132,-0.24840,0.50606,0.18820,0.80423,-0.36707,0.20530,-0.01052,
1733985869842904576,-0.85364,-2.71257,0.03070,-0.23849,0.50664,0.18383,0.80787,-0.36963,0.22046,-0.01646,
1733985869876353536,-0.86463,-2.70615,0.03107,-0.23124,0.50747,0.17994,0.81032,-0.36210,0.23605,-0.01180,
1733985869912193536,-0.87744,-2.69833,0.03199,-0.22168,0.50779,0.17442,0.81400,-0.34419,0.25131,-0.00572,
1733985869986631424,-0.89937,-2.67762,0.03140,-0.20866,0.50932,0.16844,0.81773,-0.32249,0.30885,-0.01231,
1733985870021575424,-0.90669,-2.66498,0.03148,-0.20390,0.51007,0.16621,0.81892,-0.31982,0.34492,-0.00875,
1733985870060722688,-0.91631,-2.65000,0.03212,-0.19569,0.51073,0.16156,0.82143,-0.32520,0.37445,0.00424,
1733985870127439616,-0.93372,-2.62298,0.03308,-0.17893,0.51268,0.15068,0.82610,-0.30368,0.40441,0.00829,
1733985870167968512,-0.93765,-2.61047,0.03439,-0.16895,0.51422,0.14511,0.82824,-0.26332,0.40666,0.01594,
1733985870238188544,-0.95183,-2.58188,0.03563,-0.15390,0.51553,0.13751,0.83164,-0.22542,0.38645,0.00395,
1733985870271621376,-0.75776,-2.38061,-0.00508,-0.14150,0.51750,0.12852,0.83406,-0.20594,0.36314,-0.00181,
1733985870350816512,-0.77100,-2.35380,-0.00532,-0.12552,0.52030,0.11785,0.83645,-0.19783,0.33637,0.00361,
1733985870377957632,-0.77415,-2.35377,-0.00548,-0.12135,0.52042,0.11509,0.83737,-0.20664,0.31689,0.00253,
1733985870415926528,-0.78486,-2.33576,-0.00493,-0.11359,0.51960,0.11097,0.83953,-0.22156,0.31939,0.00656,
1733985870483698688,-0.79707,-2.31518,-0.00617,-0.09712,0.52183,0.10028,0.84155,-0.18984,0.29819,-0.00245,
1733985870519019520,-0.80316,-2.30011,-0.00714,-0.09206,0.52355,0.09800,0.84132,-0.18721,0.31418,-0.00923,
1733985870559696384,-0.81043,-2.28096,-0.00921,-0.08236,0.52655,0.09234,0.84109,-0.19921,0.32028,-0.02711,
